hl_n,bandwidth_p,max_lag,active_lag_count,hl_weight_grid_size,hl_weight_scale,Q_gsd,TQ_gsd,C_robust,D_robust,M_robust,pvalue,C_iid,D_iid,M_iid,pvalue_iid,decision,z_raw_mean,z_raw_second_moment,z_restandardized,z_used_mean,z_used_second_moment,sensitivity_axis,bandwidth_multiplier,p,grid_size,weight_scale,sensitivity_label,status,sensitivity_reject_share,sensitivity_conclusion,symbol,best_model_name
2537,10.501811391196394,10,10,15,1.0,10.739905501110915,10.739905501110915,6.607446383744285,3.6860422029614326,1.1211100931092266,0.13112050147598353,6.607446383744286,2.381264300367801,1.7354054804955272,0.04133450502175284,FAIL_TO_REJECT,0.012189385425753433,0.8358097084562046,True,-1.2603241272843717e-17,1.0,bandwidth_multiplier,0.5,10.501811391196394,15,1.0,AG:08_EGARCH11_t,ok,0.0,stable_fail_to_reject,AG,08_EGARCH11_t
2537,21.00362278239279,21,21,15,1.0,18.00239931547566,18.00239931547566,14.25796545331094,6.204702903129079,0.6034831837437976,0.27309364959024063,14.257965453310932,3.593437293041537,1.0420200929665828,0.148701181694189,FAIL_TO_REJECT,0.012189385425753433,0.8358097084562046,True,-1.2603241272843717e-17,1.0,bandwidth_multiplier,1.0,21.00362278239279,15,1.0,AG:08_EGARCH11_t,ok,0.0,stable_fail_to_reject,AG,08_EGARCH11_t
2537,31.505434173589183,31,31,15,1.0,25.085741682433763,25.085741682433763,21.9200821482504,8.378936159110761,0.3778116307451765,0.3527852664729858,21.920082148250398,4.493533597348603,0.7044922365888739,0.2405631415456273,FAIL_TO_REJECT,0.012189385425753433,0.8358097084562046,True,-1.2603241272843717e-17,1.0,bandwidth_multiplier,1.5,31.505434173589183,15,1.0,AG:08_EGARCH11_t,ok,0.0,stable_fail_to_reject,AG,08_EGARCH11_t
2537,42.00724556478558,42,42,15,1.0,32.26637511614126,32.26637511614126,29.585089336892754,10.358334902917884,0.2588529724495783,0.3978743421242472,29.585089336892747,5.242144599813681,0.5114864209094527,0.30450524722414074,FAIL_TO_REJECT,0.012189385425753433,0.8358097084562046,True,-1.2603241272843717e-17,1.0,bandwidth_multiplier,2.0,42.00724556478558,15,1.0,AG:08_EGARCH11_t,ok,0.0,stable_fail_to_reject,AG,08_EGARCH11_t
2537,21.00362278239279,21,21,8,1.0,22.0542022238798,22.0542022238798,14.652307188281233,6.605829322024899,1.1205095794587752,0.13124833636467725,14.652307188281231,3.622464449894306,2.043331311592177,0.0205098260035379,FAIL_TO_REJECT,0.012189385425753433,0.8358097084562046,True,-1.2603241272843717e-17,1.0,weight_grid_size,1.0,21.00362278239279,8,1.0,AG:08_EGARCH11_t,ok,0.0,stable_fail_to_reject,AG,08_EGARCH11_t
2537,21.00362278239279,21,21,15,1.0,18.00239931547566,18.00239931547566,14.25796545331094,6.204702903129079,0.6034831837437976,0.27309364959024063,14.257965453310932,3.593437293041537,1.0420200929665828,0.148701181694189,FAIL_TO_REJECT,0.012189385425753433,0.8358097084562046,True,-1.2603241272843717e-17,1.0,weight_grid_size,1.0,21.00362278239279,15,1.0,AG:08_EGARCH11_t,ok,0.0,stable_fail_to_reject,AG,08_EGARCH11_t
2537,21.00362278239279,21,21,21,1.0,18.5200197815263,18.5200197815263,14.296045739670895,6.206758619297835,0.6805442745465202,0.24807994888404883,14.296045739670891,3.578817991402061,1.180270707256783,0.1189462823635885,FAIL_TO_REJECT,0.012189385425753433,0.8358097084562046,True,-1.2603241272843717e-17,1.0,weight_grid_size,1.0,21.00362278239279,21,1.0,AG:08_EGARCH11_t,ok,0.0,stable_fail_to_reject,AG,08_EGARCH11_t
2537,21.00362278239279,21,21,15,0.75,14.542114059851503,14.542114059851503,10.64871259742196,5.08704098078119,0.7653568109906702,0.2220295516476859,10.648712597421955,2.8823080155434537,1.3507929900043851,0.08838087712767018,FAIL_TO_REJECT,0.012189385425753433,0.8358097084562046,True,-1.2603241272843717e-17,1.0,weight_scale,1.0,21.00362278239279,15,0.75,AG:08_EGARCH11_t,ok,0.0,stable_fail_to_reject,AG,08_EGARCH11_t
2537,21.00362278239279,21,21,15,1.0,18.00239931547566,18.00239931547566,14.25796545331094,6.204702903129079,0.6034831837437976,0.27309364959024063,14.257965453310932,3.593437293041537,1.0420200929665828,0.148701181694189,FAIL_TO_REJECT,0.012189385425753433,0.8358097084562046,True,-1.2603241272843717e-17,1.0,weight_scale,1.0,21.00362278239279,15,1.0,AG:08_EGARCH11_t,ok,0.0,stable_fail_to_reject,AG,08_EGARCH11_t
2537,21.00362278239279,21,21,15,1.25,19.688647028276915,19.688647028276915,17.127382192634055,7.054201153510811,0.36308361214907253,0.35827121305583454,17.127382192634048,4.103370040038313,0.6241856841209846,0.2662528237204246,FAIL_TO_REJECT,0.012189385425753433,0.8358097084562046,True,-1.2603241272843717e-17,1.0,weight_scale,1.0,21.00362278239279,15,1.25,AG:08_EGARCH11_t,ok,0.0,stable_fail_to_reject,AG,08_EGARCH11_t
2537,10.501811391196394,10,10,15,1.0,5.596821368509999,5.596821368509999,4.793976360459781,2.01679794951807,0.39807904814761647,0.345285959019658,4.79397636045978,1.759544868338662,0.45627992925707767,0.32409434742143217,FAIL_TO_REJECT,0.0015397833098772186,1.0108106632988003,True,7.001800707135398e-18,1.0,bandwidth_multiplier,0.5,10.501811391196394,15,1.0,AL:05_GARCH11_ged,ok,0.0,stable_fail_to_reject,AL,05_GARCH11_ged
2537,21.00362278239279,21,21,15,1.0,11.681800239557026,11.681800239557026,10.344745210431984,3.523486403145761,0.3794693312655674,0.3521696871862393,10.344745210431983,2.655234090433142,0.5035544828015268,0.3072872425790739,FAIL_TO_REJECT,0.0015397833098772186,1.0108106632988003,True,7.001800707135398e-18,1.0,bandwidth_multiplier,1.0,21.00362278239279,15,1.0,AL:05_GARCH11_ged,ok,0.0,stable_fail_to_reject,AL,05_GARCH11_ged
2537,31.505434173589183,31,31,15,1.0,17.29734503170947,17.29734503170947,15.903928618562622,4.876615571597384,0.28573431567221513,0.38754080991125417,15.903928618562622,3.3203260892547224,0.4196625197917268,0.3373660045053256,FAIL_TO_REJECT,0.0015397833098772186,1.0108106632988003,True,7.001800707135398e-18,1.0,bandwidth_multiplier,1.5,31.505434173589183,15,1.0,AL:05_GARCH11_ged,ok,0.0,stable_fail_to_reject,AL,05_GARCH11_ged
2537,42.00724556478558,42,42,15,1.0,23.49554853697811,23.49554853697811,21.465209199742713,6.103821627468284,0.33263412025320466,0.36970524220204815,21.465209199742713,3.8734837742566928,0.5241636355182645,0.3000823655641458,FAIL_TO_REJECT,0.0015397833098772186,1.0108106632988003,True,7.001800707135398e-18,1.0,bandwidth_multiplier,2.0,42.00724556478558,15,1.0,AL:05_GARCH11_ged,ok,0.0,stable_fail_to_reject,AL,05_GARCH11_ged
2537,21.00362278239279,21,21,8,1.0,14.14663117822401,14.14663117822401,10.55411802055835,3.6118300604304707,0.9946517686486867,0.15995282994423232,10.55411802055835,2.675115065977268,1.3429378060615311,0.08964605667684467,FAIL_TO_REJECT,0.0015397833098772186,1.0108106632988003,True,7.001800707135398e-18,1.0,weight_grid_size,1.0,21.00362278239279,8,1.0,AL:05_GARCH11_ged,ok,0.0,stable_fail_to_reject,AL,05_GARCH11_ged
2537,21.00362278239279,21,21,15,1.0,11.681800239557026,11.681800239557026,10.344745210431984,3.523486403145761,0.3794693312655674,0.3521696871862393,10.344745210431983,2.655234090433142,0.5035544828015268,0.3072872425790739,FAIL_TO_REJECT,0.0015397833098772186,1.0108106632988003,True,7.001800707135398e-18,1.0,weight_grid_size,1.0,21.00362278239279,15,1.0,AL:05_GARCH11_ged,ok,0.0,stable_fail_to_reject,AL,05_GARCH11_ged
2537,21.00362278239279,21,21,21,1.0,11.767967533069344,11.767967533069344,10.35454801578398,3.5117813517703036,0.402479361812447,0.343665637020907,10.35454801578398,2.648316893486378,0.5337048299475473,0.2967728834919975,FAIL_TO_REJECT,0.0015397833098772186,1.0108106632988003,True,7.001800707135398e-18,1.0,weight_grid_size,1.0,21.00362278239279,21,1.0,AL:05_GARCH11_ged,ok,0.0,stable_fail_to_reject,AL,05_GARCH11_ged
2537,21.00362278239279,21,21,15,0.75,9.910935113058027,9.910935113058027,7.700044301909212,2.8148874253689287,0.7854277905479818,0.21610139607121348,7.700044301909211,2.1368395100859794,1.0346545918461876,0.15041512460750073,FAIL_TO_REJECT,0.0015397833098772186,1.0108106632988003,True,7.001800707135398e-18,1.0,weight_scale,1.0,21.00362278239279,15,0.75,AL:05_GARCH11_ged,ok,0.0,stable_fail_to_reject,AL,05_GARCH11_ged
2537,21.00362278239279,21,21,15,1.0,11.681800239557026,11.681800239557026,10.344745210431984,3.523486403145761,0.3794693312655674,0.3521696871862393,10.344745210431983,2.655234090433142,0.5035544828015268,0.3072872425790739,FAIL_TO_REJECT,0.0015397833098772186,1.0108106632988003,True,7.001800707135398e-18,1.0,weight_scale,1.0,21.00362278239279,15,1.0,AL:05_GARCH11_ged,ok,0.0,stable_fail_to_reject,AL,05_GARCH11_ged
2537,21.00362278239279,21,21,15,1.25,12.17099941728526,12.17099941728526,12.436588440712203,4.058185056013128,-0.06544527165743998,0.5260902601276977,12.436588440712203,3.019812069717159,-0.08794885817242859,0.535041338091425,FAIL_TO_REJECT,0.0015397833098772186,1.0108106632988003,True,7.001800707135398e-18,1.0,weight_scale,1.0,21.00362278239279,15,1.25,AL:05_GARCH11_ged,ok,0.0,stable_fail_to_reject,AL,05_GARCH11_ged
2537,10.501811391196394,10,10,15,1.0,10.357981132970178,10.357981132970178,6.330625709218553,3.704855352952032,1.087047951964609,0.13850780912142913,6.330625709218552,2.3283612867506664,1.729695235300868,0.041842370221762515,FAIL_TO_REJECT,0.0016152730560312469,0.9616425994029997,True,-8.402160848562477e-18,1.0,bandwidth_multiplier,0.5,10.501811391196394,15,1.0,AU:08_EGARCH11_t,ok,0.0,stable_fail_to_reject,AU,08_EGARCH11_t
2537,21.00362278239279,21,21,15,1.0,16.638543570154365,16.638543570154365,13.660624304412574,6.072796600421602,0.4903703288094731,0.3119359343938678,13.66062430441257,3.513604213606914,0.8475397582372522,0.19834716805489183,FAIL_TO_REJECT,0.0016152730560312469,0.9616425994029997,True,-8.402160848562477e-18,1.0,bandwidth_multiplier,1.0,21.00362278239279,15,1.0,AU:08_EGARCH11_t,ok,0.0,stable_fail_to_reject,AU,08_EGARCH11_t
2537,31.505434173589183,31,31,15,1.0,24.023672554284317,24.023672554284317,21.001734639465976,8.330806664529655,0.3627425334073523,0.35839861179904153,21.00173463946598,4.393703658667347,0.687788287418301,0.24579305647202254,FAIL_TO_REJECT,0.0016152730560312469,0.9616425994029997,True,-8.402160848562477e-18,1.0,bandwidth_multiplier,1.5,31.505434173589183,15,1.0,AU:08_EGARCH11_t,ok,0.0,stable_fail_to_reject,AU,08_EGARCH11_t
2537,42.00724556478558,42,42,15,1.0,31.58347947749604,31.58347947749604,28.345614370241297,10.681028546875567,0.3031416958624168,0.3808909397407114,28.34561437024129,5.12568325316514,0.6316943414822503,0.26379331312855514,FAIL_TO_REJECT,0.0016152730560312469,0.9616425994029997,True,-8.402160848562477e-18,1.0,bandwidth_multiplier,2.0,42.00724556478558,15,1.0,AU:08_EGARCH11_t,ok,0.0,stable_fail_to_reject,AU,08_EGARCH11_t
2537,21.00362278239279,21,21,8,1.0,16.05113693522363,16.05113693522363,13.994570981702669,6.2276826425436145,0.3302297293493725,0.37061319244629165,13.994570981702664,3.54277081052302,0.5804964711271732,0.28078993289805954,FAIL_TO_REJECT,0.0016152730560312469,0.9616425994029997,True,-8.402160848562477e-18,1.0,weight_grid_size,1.0,21.00362278239279,8,1.0,AU:08_EGARCH11_t,ok,0.0,stable_fail_to_reject,AU,08_EGARCH11_t
2537,21.00362278239279,21,21,15,1.0,16.638543570154365,16.638543570154365,13.660624304412574,6.072796600421602,0.4903703288094731,0.3119359343938678,13.66062430441257,3.513604213606914,0.8475397582372522,0.19834716805489183,FAIL_TO_REJECT,0.0016152730560312469,0.9616425994029997,True,-8.402160848562477e-18,1.0,weight_grid_size,1.0,21.00362278239279,15,1.0,AU:08_EGARCH11_t,ok,0.0,stable_fail_to_reject,AU,08_EGARCH11_t
2537,21.00362278239279,21,21,21,1.0,16.527886348050014,16.527886348050014,13.693629756759877,6.065009351342362,0.4673128147218493,0.3201380447015961,13.693629756759876,3.504204088304291,0.8088160734558286,0.20931047464327435,FAIL_TO_REJECT,0.0016152730560312469,0.9616425994029997,True,-8.402160848562477e-18,1.0,weight_grid_size,1.0,21.00362278239279,21,1.0,AU:08_EGARCH11_t,ok,0.0,stable_fail_to_reject,AU,08_EGARCH11_t
2537,21.00362278239279,21,21,15,0.75,13.236645856053878,13.236645856053878,10.160940400372684,4.889311058366112,0.6290672487319755,0.26465251544146207,10.160940400372679,2.813998604063074,1.0930017702355117,0.13719651125337173,FAIL_TO_REJECT,0.0016152730560312469,0.9616425994029997,True,-8.402160848562477e-18,1.0,weight_scale,1.0,21.00362278239279,15,0.75,AU:08_EGARCH11_t,ok,0.0,stable_fail_to_reject,AU,08_EGARCH11_t
2537,21.00362278239279,21,21,15,1.0,16.638543570154365,16.638543570154365,13.660624304412574,6.072796600421602,0.4903703288094731,0.3119359343938678,13.66062430441257,3.513604213606914,0.8475397582372522,0.19834716805489183,FAIL_TO_REJECT,0.0016152730560312469,0.9616425994029997,True,-8.402160848562477e-18,1.0,weight_scale,1.0,21.00362278239279,15,1.0,AU:08_EGARCH11_t,ok,0.0,stable_fail_to_reject,AU,08_EGARCH11_t
2537,21.00362278239279,21,21,15,1.25,18.907567061209683,18.907567061209683,16.45921593133318,6.986660359957524,0.35043225285555285,0.3630071623867389,16.459215931333176,4.00769118697464,0.6109131207099664,0.2706285490552589,FAIL_TO_REJECT,0.0016152730560312469,0.9616425994029997,True,-8.402160848562477e-18,1.0,weight_scale,1.0,21.00362278239279,15,1.25,AU:08_EGARCH11_t,ok,0.0,stable_fail_to_reject,AU,08_EGARCH11_t
2537,10.501811391196394,10,10,15,1.0,6.416390342996254,6.416390342996254,7.185612209685301,2.8891924497773203,-0.26624113140968964,0.60497324624563,7.1856122096853,2.5951417025565755,-0.29640842576390153,0.6165409042677304,FAIL_TO_REJECT,-0.001227782700378332,0.8524165388321004,True,1.9605041979979115e-17,1.0,bandwidth_multiplier,0.5,10.501811391196394,15,1.0,CF:10_EGARCH21_t,ok,0.0,stable_fail_to_reject,CF,10_EGARCH21_t
2537,21.00362278239279,21,21,15,1.0,16.098178175522516,16.098178175522516,15.505568217494183,5.349229121000526,0.11078417929450946,0.4558937456065225,15.505568217494181,3.916188124625111,0.15132315894172338,0.4398604007221849,FAIL_TO_REJECT,-0.001227782700378332,0.8524165388321004,True,1.9605041979979115e-17,1.0,bandwidth_multiplier,1.0,21.00362278239279,15,1.0,CF:10_EGARCH21_t,ok,0.0,stable_fail_to_reject,CF,10_EGARCH21_t
2537,31.505434173589183,31,31,15,1.0,24.956126888620304,24.956126888620304,23.838136667938585,7.515636491190268,0.14875522811570419,0.44087339012799465,23.838136667938585,4.8971281468072485,0.2282950715534386,0.40970842786863404,FAIL_TO_REJECT,-0.001227782700378332,0.8524165388321004,True,1.9605041979979115e-17,1.0,bandwidth_multiplier,1.5,31.505434173589183,15,1.0,CF:10_EGARCH21_t,ok,0.0,stable_fail_to_reject,CF,10_EGARCH21_t
2537,42.00724556478558,42,42,15,1.0,33.47118482648264,33.47118482648264,32.173848536526286,9.355123104802834,0.13867655993648176,0.44485287078056734,32.17384853652628,5.712976950818518,0.2270858610361606,0.4101784890669412,FAIL_TO_REJECT,-0.001227782700378332,0.8524165388321004,True,1.9605041979979115e-17,1.0,bandwidth_multiplier,2.0,42.00724556478558,15,1.0,CF:10_EGARCH21_t,ok,0.0,stable_fail_to_reject,CF,10_EGARCH21_t
2537,21.00362278239279,21,21,8,1.0,15.953154496678664,15.953154496678664,15.932975734347462,5.350170575354492,0.0037716110256662584,0.49849534846392485,15.93297573434746,3.9517928594469938,0.005106229766817218,0.4979629179049141,FAIL_TO_REJECT,-0.001227782700378332,0.8524165388321004,True,1.9605041979979115e-17,1.0,weight_grid_size,1.0,21.00362278239279,8,1.0,CF:10_EGARCH21_t,ok,0.0,stable_fail_to_reject,CF,10_EGARCH21_t
2537,21.00362278239279,21,21,15,1.0,16.098178175522516,16.098178175522516,15.505568217494183,5.349229121000526,0.11078417929450946,0.4558937456065225,15.505568217494181,3.916188124625111,0.15132315894172338,0.4398604007221849,FAIL_TO_REJECT,-0.001227782700378332,0.8524165388321004,True,1.9605041979979115e-17,1.0,weight_grid_size,1.0,21.00362278239279,15,1.0,CF:10_EGARCH21_t,ok,0.0,stable_fail_to_reject,CF,10_EGARCH21_t
2537,21.00362278239279,21,21,21,1.0,15.874258990398834,15.874258990398834,15.54587359717438,5.333384071066506,0.06157167547822749,0.4754519669125955,15.545873597174374,3.904095368818062,0.08411305621457614,0.46648327203704465,FAIL_TO_REJECT,-0.001227782700378332,0.8524165388321004,True,1.9605041979979115e-17,1.0,weight_grid_size,1.0,21.00362278239279,21,1.0,CF:10_EGARCH21_t,ok,0.0,stable_fail_to_reject,CF,10_EGARCH21_t
2537,21.00362278239279,21,21,15,0.75,12.687173612369357,12.687173612369357,11.567953287713463,3.9110641105861044,0.2861677264830541,0.3873748305419348,11.567953287713463,3.13639604196439,0.3568491700923403,0.36060236197688067,FAIL_TO_REJECT,-0.001227782700378332,0.8524165388321004,True,1.9605041979979115e-17,1.0,weight_scale,1.0,21.00362278239279,15,0.75,CF:10_EGARCH21_t,ok,0.0,stable_fail_to_reject,CF,10_EGARCH21_t
2537,21.00362278239279,21,21,15,1.0,16.098178175522516,16.098178175522516,15.505568217494183,5.349229121000526,0.11078417929450946,0.4558937456065225,15.505568217494181,3.916188124625111,0.15132315894172338,0.4398604007221849,FAIL_TO_REJECT,-0.001227782700378332,0.8524165388321004,True,1.9605041979979115e-17,1.0,weight_scale,1.0,21.00362278239279,15,1.0,CF:10_EGARCH21_t,ok,0.0,stable_fail_to_reject,CF,10_EGARCH21_t
2537,21.00362278239279,21,21,15,1.25,18.504888577338928,18.504888577338928,18.675219483393782,6.579353190121782,-0.02588870077845773,0.510326943749955,18.675219483393775,4.494267044341123,-0.037899596168704794,0.5151161324850451,FAIL_TO_REJECT,-0.001227782700378332,0.8524165388321004,True,1.9605041979979115e-17,1.0,weight_scale,1.0,21.00362278239279,15,1.25,CF:10_EGARCH21_t,ok,0.0,stable_fail_to_reject,CF,10_EGARCH21_t
2536,10.500431389683634,10,10,15,1.0,9.53181515634285,9.53181515634285,9.151980812477984,9.76211365151156,0.03890902702265229,0.48448145974851897,9.151980812477982,3.426090711899256,0.11086523265296337,0.45586160796124964,FAIL_TO_REJECT,0.009722452997410327,1.011109948150357,True,1.190775483825089e-17,1.0,bandwidth_multiplier,0.5,10.500431389683634,15,1.0,CU:19_AR1_EGARCH11_t,ok,0.0,stable_fail_to_reject,CU,19_AR1_EGARCH11_t
2536,21.000862779367267,21,21,15,1.0,15.860087605915574,15.860087605915574,19.74894248927616,15.726799981034047,-0.2472756624393014,0.5976525536990003,19.74894248927616,5.170176458341225,-0.7521706298992101,0.7740257732445495,FAIL_TO_REJECT,0.009722452997410327,1.011109948150357,True,1.190775483825089e-17,1.0,bandwidth_multiplier,1.0,21.000862779367267,15,1.0,CU:19_AR1_EGARCH11_t,ok,0.0,stable_fail_to_reject,CU,19_AR1_EGARCH11_t
2536,31.5012941690509,31,31,15,1.0,22.9542246986761,22.9542246986761,30.361962142133752,21.40158944245126,-0.3461302471658477,0.6353775835999984,30.361962142133756,6.465238236201331,-1.14577950151611,0.8740568005754457,FAIL_TO_REJECT,0.009722452997410327,1.011109948150357,True,1.190775483825089e-17,1.0,bandwidth_multiplier,1.5,31.5012941690509,15,1.0,CU:19_AR1_EGARCH11_t,ok,0.0,stable_fail_to_reject,CU,19_AR1_EGARCH11_t
2536,42.001725558734535,42,42,15,1.0,33.31181111085936,33.31181111085936,40.97899332731955,26.92932720518377,-0.28471495622751,0.6120687343592185,40.97899332731954,7.542340598989649,-1.0165521055210975,0.8453167259167658,FAIL_TO_REJECT,0.009722452997410327,1.011109948150357,True,1.190775483825089e-17,1.0,bandwidth_multiplier,2.0,42.001725558734535,15,1.0,CU:19_AR1_EGARCH11_t,ok,0.0,stable_fail_to_reject,CU,19_AR1_EGARCH11_t
2536,21.000862779367267,21,21,8,1.0,16.680771329205353,16.680771329205353,20.1881826267547,16.17158920136663,-0.2168872368618504,0.5858518878103,20.188182626754696,5.216705793423089,-0.6723421707950786,0.7493170555931569,FAIL_TO_REJECT,0.009722452997410327,1.011109948150357,True,1.190775483825089e-17,1.0,weight_grid_size,1.0,21.000862779367267,8,1.0,CU:19_AR1_EGARCH11_t,ok,0.0,stable_fail_to_reject,CU,19_AR1_EGARCH11_t
2536,21.000862779367267,21,21,15,1.0,15.860087605915574,15.860087605915574,19.74894248927616,15.726799981034047,-0.2472756624393014,0.5976525536990003,19.74894248927616,5.170176458341225,-0.7521706298992101,0.7740257732445495,FAIL_TO_REJECT,0.009722452997410327,1.011109948150357,True,1.190775483825089e-17,1.0,weight_grid_size,1.0,21.000862779367267,15,1.0,CU:19_AR1_EGARCH11_t,ok,0.0,stable_fail_to_reject,CU,19_AR1_EGARCH11_t
2536,21.000862779367267,21,21,21,1.0,15.749392157071918,15.749392157071918,19.767171514114924,15.734257159788063,-0.25535233829222126,0.6007745103612411,19.767171514114917,5.154673258678796,-0.7794440414391663,0.7821409055397424,FAIL_TO_REJECT,0.009722452997410327,1.011109948150357,True,1.190775483825089e-17,1.0,weight_grid_size,1.0,21.000862779367267,21,1.0,CU:19_AR1_EGARCH11_t,ok,0.0,stable_fail_to_reject,CU,19_AR1_EGARCH11_t
2536,21.000862779367267,21,21,15,0.75,12.19149851449639,12.19149851449639,14.589670972673488,12.466350214094206,-0.19237165786228058,0.5762744542450405,14.589670972673488,4.121588993562187,-0.581856284535644,0.7196682558415126,FAIL_TO_REJECT,0.009722452997410327,1.011109948150357,True,1.190775483825089e-17,1.0,weight_scale,1.0,21.000862779367267,15,0.75,CU:19_AR1_EGARCH11_t,ok,0.0,stable_fail_to_reject,CU,19_AR1_EGARCH11_t
2536,21.000862779367267,21,21,15,1.0,15.860087605915574,15.860087605915574,19.74894248927616,15.726799981034047,-0.2472756624393014,0.5976525536990003,19.74894248927616,5.170176458341225,-0.7521706298992101,0.7740257732445495,FAIL_TO_REJECT,0.009722452997410327,1.011109948150357,True,1.190775483825089e-17,1.0,weight_scale,1.0,21.000862779367267,15,1.0,CU:19_AR1_EGARCH11_t,ok,0.0,stable_fail_to_reject,CU,19_AR1_EGARCH11_t
2536,21.000862779367267,21,21,15,1.25,20.02249508876518,20.02249508876518,23.878982062189213,18.04508451973486,-0.2137139878290078,0.5846149486804166,23.87898206218921,5.9041678726593085,-0.6531804407666717,0.7431800209029558,FAIL_TO_REJECT,0.009722452997410327,1.011109948150357,True,1.190775483825089e-17,1.0,weight_scale,1.0,21.000862779367267,15,1.25,CU:19_AR1_EGARCH11_t,ok,0.0,stable_fail_to_reject,CU,19_AR1_EGARCH11_t
2536,10.500431389683634,10,10,15,1.0,2.6451201845559806,2.6451201845559806,8.214114230182673,5.492610348400928,-1.013906629522337,0.8446863461568908,8.214114230182672,3.0483155539496996,-1.8269086474367624,0.9661432470703099,FAIL_TO_REJECT,-0.0007893403026644068,0.9857012769216795,True,5.603649335647478e-18,1.0,bandwidth_multiplier,0.5,10.500431389683634,15,1.0,FG:19_AR1_EGARCH11_t,ok,0.0,stable_fail_to_reject,FG,19_AR1_EGARCH11_t
2536,21.000862779367267,21,21,15,1.0,7.613734048367846,7.613734048367846,17.725132171501997,9.050577346808002,-1.1172102878829364,0.8680477885844462,17.725132171502,4.6000910775329045,-2.198086505834368,0.9860285290232352,FAIL_TO_REJECT,-0.0007893403026644068,0.9857012769216795,True,5.603649335647478e-18,1.0,bandwidth_multiplier,1.0,21.000862779367267,15,1.0,FG:19_AR1_EGARCH11_t,ok,0.0,stable_fail_to_reject,FG,19_AR1_EGARCH11_t
2536,31.5012941690509,31,31,15,1.0,14.103824290947191,14.103824290947191,27.250562517344484,12.628608617943359,-1.0410282418379606,0.8510687794578824,27.250562517344488,5.7523539020593075,-2.285453650842109,0.9888568793981866,FAIL_TO_REJECT,-0.0007893403026644068,0.9857012769216795,True,5.603649335647478e-18,1.0,bandwidth_multiplier,1.5,31.5012941690509,15,1.0,FG:19_AR1_EGARCH11_t,ok,0.0,stable_fail_to_reject,FG,19_AR1_EGARCH11_t
2536,42.001725558734535,42,42,15,1.0,22.33159890942042,22.33159890942042,36.779593306135546,16.173923046310243,-0.8932894236819771,0.8141488998291797,36.77959330613555,6.710690432461177,-2.1529818044991034,0.9843399457143641,FAIL_TO_REJECT,-0.0007893403026644068,0.9857012769216795,True,5.603649335647478e-18,1.0,bandwidth_multiplier,2.0,42.001725558734535,15,1.0,FG:19_AR1_EGARCH11_t,ok,0.0,stable_fail_to_reject,FG,19_AR1_EGARCH11_t
2536,21.000862779367267,21,21,8,1.0,8.42408779799998,8.42408779799998,18.18594700241427,9.116865380830783,-1.0707473234100482,0.8578584709582213,18.185947002414267,4.646802636671803,-2.100769059433533,0.9821693781330472,FAIL_TO_REJECT,-0.0007893403026644068,0.9857012769216795,True,5.603649335647478e-18,1.0,weight_grid_size,1.0,21.000862779367267,8,1.0,FG:19_AR1_EGARCH11_t,ok,0.0,stable_fail_to_reject,FG,19_AR1_EGARCH11_t
2536,21.000862779367267,21,21,15,1.0,7.613734048367846,7.613734048367846,17.725132171501997,9.050577346808002,-1.1172102878829364,0.8680477885844462,17.725132171502,4.6000910775329045,-2.198086505834368,0.9860285290232352,FAIL_TO_REJECT,-0.0007893403026644068,0.9857012769216795,True,5.603649335647478e-18,1.0,weight_grid_size,1.0,21.000862779367267,15,1.0,FG:19_AR1_EGARCH11_t,ok,0.0,stable_fail_to_reject,FG,19_AR1_EGARCH11_t
2536,21.000862779367267,21,21,21,1.0,7.719166288116938,7.719166288116938,17.76484480491912,9.054235479861312,-1.1095004696029904,0.8663928290164354,17.764844804919115,4.589968741849634,-2.1886158886463436,0.9856876149952539,FAIL_TO_REJECT,-0.0007893403026644068,0.9857012769216795,True,5.603649335647478e-18,1.0,weight_grid_size,1.0,21.000862779367267,21,1.0,FG:19_AR1_EGARCH11_t,ok,0.0,stable_fail_to_reject,FG,19_AR1_EGARCH11_t
2536,21.000862779367267,21,21,15,0.75,5.176955950128622,5.176955950128622,13.140155587627344,6.78808443152803,-1.1731144062546919,0.8796250349397321,13.140155587627346,3.6683451864589918,-2.1707879800661565,0.9850263985176109,FAIL_TO_REJECT,-0.0007893403026644068,0.9857012769216795,True,5.603649335647478e-18,1.0,weight_scale,1.0,21.000862779367267,15,0.75,FG:19_AR1_EGARCH11_t,ok,0.0,stable_fail_to_reject,FG,19_AR1_EGARCH11_t
2536,21.000862779367267,21,21,15,1.0,7.613734048367846,7.613734048367846,17.725132171501997,9.050577346808002,-1.1172102878829364,0.8680477885844462,17.725132171502,4.6000910775329045,-2.198086505834368,0.9860285290232352,FAIL_TO_REJECT,-0.0007893403026644068,0.9857012769216795,True,5.603649335647478e-18,1.0,weight_scale,1.0,21.000862779367267,15,1.0,FG:19_AR1_EGARCH11_t,ok,0.0,stable_fail_to_reject,FG,19_AR1_EGARCH11_t
2536,21.000862779367267,21,21,15,1.25,10.655177465377164,10.655177465377164,21.440056913263223,10.830525650976542,-0.9957854120324837,0.8403227901379073,21.44005691326322,5.274213913966846,-2.044831632506639,0.9795642699957317,FAIL_TO_REJECT,-0.0007893403026644068,0.9857012769216795,True,5.603649335647478e-18,1.0,weight_scale,1.0,21.000862779367267,15,1.25,FG:19_AR1_EGARCH11_t,ok,0.0,stable_fail_to_reject,FG,19_AR1_EGARCH11_t
2536,10.500431389683634,10,10,15,1.0,5.9307889849937965,5.9307889849937965,6.1439918335174335,3.7320339180133475,-0.057127789620178504,0.5227783001747066,6.1439918335174335,2.2962853202867315,-0.09284684557275091,0.5369873828341916,FAIL_TO_REJECT,-0.01331981085868793,0.9980850629973903,True,-1.9612772674766174e-17,1.0,bandwidth_multiplier,0.5,10.500431389683634,15,1.0,HC:19_AR1_EGARCH11_t,ok,0.0,stable_fail_to_reject,HC,19_AR1_EGARCH11_t
2536,21.000862779367267,21,21,15,1.0,10.874273555310927,10.874273555310927,13.258041495157487,6.378262569285757,-0.37373311524136527,0.6456985573252867,13.258041495157485,3.4652323312244215,-0.6879099904404582,0.7542452675566534,FAIL_TO_REJECT,-0.01331981085868793,0.9980850629973903,True,-1.9612772674766174e-17,1.0,bandwidth_multiplier,1.0,21.000862779367267,15,1.0,HC:19_AR1_EGARCH11_t,ok,0.0,stable_fail_to_reject,HC,19_AR1_EGARCH11_t
2536,31.5012941690509,31,31,15,1.0,15.776139481680689,15.776139481680689,20.382871344802005,8.691004081958006,-0.5300574961970862,0.70196396637705,20.382871344802012,4.333227839643419,-1.0631178496952542,0.8561357446526128,FAIL_TO_REJECT,-0.01331981085868793,0.9980850629973903,True,-1.9612772674766174e-17,1.0,bandwidth_multiplier,1.5,31.5012941690509,15,1.0,HC:19_AR1_EGARCH11_t,ok,0.0,stable_fail_to_reject,HC,19_AR1_EGARCH11_t
2536,42.001725558734535,42,42,15,1.0,22.426479220179022,22.426479220179022,27.510394253180966,11.029623117075563,-0.4609327969811821,0.6775765896683988,27.510394253180962,5.055139356909076,-1.0056923605980388,0.8427182104228577,FAIL_TO_REJECT,-0.01331981085868793,0.9980850629973903,True,-1.9612772674766174e-17,1.0,bandwidth_multiplier,2.0,42.001725558734535,15,1.0,HC:19_AR1_EGARCH11_t,ok,0.0,stable_fail_to_reject,HC,19_AR1_EGARCH11_t
2536,21.000862779367267,21,21,8,1.0,10.232387977010298,10.232387977010298,13.550591999813102,6.428907846927098,-0.516138059808844,0.6971210062758937,13.5505919998131,3.492502217839304,-0.9500936050530746,0.8289676538456099,FAIL_TO_REJECT,-0.01331981085868793,0.9980850629973903,True,-1.9612772674766174e-17,1.0,weight_grid_size,1.0,21.000862779367267,8,1.0,HC:19_AR1_EGARCH11_t,ok,0.0,stable_fail_to_reject,HC,19_AR1_EGARCH11_t
2536,21.000862779367267,21,21,15,1.0,10.874273555310927,10.874273555310927,13.258041495157487,6.378262569285757,-0.37373311524136527,0.6456985573252867,13.258041495157485,3.4652323312244215,-0.6879099904404582,0.7542452675566534,FAIL_TO_REJECT,-0.01331981085868793,0.9980850629973903,True,-1.9612772674766174e-17,1.0,weight_grid_size,1.0,21.000862779367267,15,1.0,HC:19_AR1_EGARCH11_t,ok,0.0,stable_fail_to_reject,HC,19_AR1_EGARCH11_t
2536,21.000862779367267,21,21,21,1.0,10.8264057642741,10.8264057642741,13.289954852662515,6.378095442444729,-0.38625152455293693,0.6503448011068723,13.289954852662511,3.457959672192393,-0.7124285191060336,0.7619002697008517,FAIL_TO_REJECT,-0.01331981085868793,0.9980850629973903,True,-1.9612772674766174e-17,1.0,weight_grid_size,1.0,21.000862779367267,21,1.0,HC:19_AR1_EGARCH11_t,ok,0.0,stable_fail_to_reject,HC,19_AR1_EGARCH11_t
2536,21.000862779367267,21,21,15,0.75,7.561709288859041,7.561709288859041,9.842317311221889,4.898213243787689,-0.4655999869453008,0.6792490738396316,9.84231731122189,2.784908720105887,-0.818916615075318,0.7935830051732178,FAIL_TO_REJECT,-0.01331981085868793,0.9980850629973903,True,-1.9612772674766174e-17,1.0,weight_scale,1.0,21.000862779367267,15,0.75,HC:19_AR1_EGARCH11_t,ok,0.0,stable_fail_to_reject,HC,19_AR1_EGARCH11_t
2536,21.000862779367267,21,21,15,1.0,10.874273555310927,10.874273555310927,13.258041495157487,6.378262569285757,-0.37373311524136527,0.6456985573252867,13.258041495157485,3.4652323312244215,-0.6879099904404582,0.7542452675566534,FAIL_TO_REJECT,-0.01331981085868793,0.9980850629973903,True,-1.9612772674766174e-17,1.0,weight_scale,1.0,21.000862779367267,15,1.0,HC:19_AR1_EGARCH11_t,ok,0.0,stable_fail_to_reject,HC,19_AR1_EGARCH11_t
2536,21.000862779367267,21,21,15,1.25,14.072442343510506,14.072442343510506,15.973432605347961,7.5011790001704615,-0.25342552974595806,0.6000302992342199,15.973432605347956,3.9241796031171807,-0.48442998386908537,0.6859596283555038,FAIL_TO_REJECT,-0.01331981085868793,0.9980850629973903,True,-1.9612772674766174e-17,1.0,weight_scale,1.0,21.000862779367267,15,1.25,HC:19_AR1_EGARCH11_t,ok,0.0,stable_fail_to_reject,HC,19_AR1_EGARCH11_t
2537,10.501811391196394,10,10,15,1.0,14.890445431572067,14.890445431572067,6.9272608084277225,3.937291176799996,2.0225033571472766,0.02156218856343073,6.927260808427722,2.61456290001338,3.0457039771747674,0.0011606813011626471,REJECT,-0.004937690223211494,1.016780054799072,True,-1.9605041979979115e-17,1.0000000000000002,bandwidth_multiplier,0.5,10.501811391196394,15,1.0,I:09_EGARCH11_skewt,ok,0.1,sensitive,I,09_EGARCH11_skewt
2537,21.00362278239279,21,21,15,1.0,24.174289895920634,24.174289895920634,14.948081233868049,6.900124514011745,1.3371075613660848,0.09059376468592262,14.948081233868043,3.9454956043559526,2.338415648433764,0.009682848374436226,FAIL_TO_REJECT,-0.004937690223211494,1.016780054799072,True,-1.9605041979979115e-17,1.0000000000000002,bandwidth_multiplier,1.0,21.00362278239279,15,1.0,I:09_EGARCH11_skewt,ok,0.1,sensitive,I,09_EGARCH11_skewt
2537,31.505434173589183,31,31,15,1.0,32.907572224196116,32.907572224196116,22.981060634357124,9.998206994118156,0.992829173838735,0.1603966050375114,22.981060634357124,4.93377666300069,2.0119499255569777,0.02211260789216829,FAIL_TO_REJECT,-0.004937690223211494,1.016780054799072,True,-1.9605041979979115e-17,1.0000000000000002,bandwidth_multiplier,1.5,31.505434173589183,15,1.0,I:09_EGARCH11_skewt,ok,0.1,sensitive,I,09_EGARCH11_skewt
2537,42.00724556478558,42,42,15,1.0,41.1202336135829,41.1202336135829,31.017070434577363,13.097172610587414,0.771400322756562,0.22023484192653386,31.01707043457737,5.755731014428501,1.7553223306785632,0.03960209446768059,FAIL_TO_REJECT,-0.004937690223211494,1.016780054799072,True,-1.9605041979979115e-17,1.0000000000000002,bandwidth_multiplier,2.0,42.00724556478558,15,1.0,I:09_EGARCH11_skewt,ok,0.1,sensitive,I,09_EGARCH11_skewt
2537,21.00362278239279,21,21,8,1.0,24.785637646500092,24.785637646500092,15.30838571461587,6.9289975205525725,1.3677666796348387,0.08569256029852779,15.308385714615866,3.9774658080614014,2.382736241924703,0.008592250926950484,FAIL_TO_REJECT,-0.004937690223211494,1.016780054799072,True,-1.9605041979979115e-17,1.0000000000000002,weight_grid_size,1.0,21.00362278239279,8,1.0,I:09_EGARCH11_skewt,ok,0.1,sensitive,I,09_EGARCH11_skewt
2537,21.00362278239279,21,21,15,1.0,24.174289895920634,24.174289895920634,14.948081233868049,6.900124514011745,1.3371075613660848,0.09059376468592262,14.948081233868043,3.9454956043559526,2.338415648433764,0.009682848374436226,FAIL_TO_REJECT,-0.004937690223211494,1.016780054799072,True,-1.9605041979979115e-17,1.0000000000000002,weight_grid_size,1.0,21.00362278239279,15,1.0,I:09_EGARCH11_skewt,ok,0.1,sensitive,I,09_EGARCH11_skewt
2537,21.00362278239279,21,21,21,1.0,23.98779515821667,23.98779515821667,14.998837714753689,6.89768267803271,1.3031851221701496,0.09625578409345459,14.998837714753687,3.9361006001849446,2.2837214686638396,0.01119395275558177,FAIL_TO_REJECT,-0.004937690223211494,1.016780054799072,True,-1.9605041979979115e-17,1.0000000000000002,weight_grid_size,1.0,21.00362278239279,21,1.0,I:09_EGARCH11_skewt,ok,0.1,sensitive,I,09_EGARCH11_skewt
2537,21.00362278239279,21,21,15,0.75,18.832315233107703,18.832315233107703,11.080626717054956,5.251829560931119,1.4759977310989538,0.06997225066290991,11.080626717054953,3.1594735003619125,2.4534747688704486,0.0070741732285644066,FAIL_TO_REJECT,-0.004937690223211494,1.016780054799072,True,-1.9605041979979115e-17,1.0000000000000002,weight_scale,1.0,21.00362278239279,15,0.75,I:09_EGARCH11_skewt,ok,0.1,sensitive,I,09_EGARCH11_skewt
2537,21.00362278239279,21,21,15,1.0,24.174289895920634,24.174289895920634,14.948081233868049,6.900124514011745,1.3371075613660848,0.09059376468592262,14.948081233868043,3.9454956043559526,2.338415648433764,0.009682848374436226,FAIL_TO_REJECT,-0.004937690223211494,1.016780054799072,True,-1.9605041979979115e-17,1.0000000000000002,weight_scale,1.0,21.00362278239279,15,1.0,I:09_EGARCH11_skewt,ok,0.1,sensitive,I,09_EGARCH11_skewt
2537,21.00362278239279,21,21,15,1.25,27.33525446547279,27.33525446547279,18.039837055906013,8.16324054148012,1.1386920870864572,0.12741580214775627,18.03983705590601,4.466009953724445,2.0813696131184916,0.01870004390711255,FAIL_TO_REJECT,-0.004937690223211494,1.016780054799072,True,-1.9605041979979115e-17,1.0000000000000002,weight_scale,1.0,21.00362278239279,15,1.25,I:09_EGARCH11_skewt,ok,0.1,sensitive,I,09_EGARCH11_skewt
2536,10.500431389683634,10,10,15,1.0,9.077436756028911,9.077436756028911,12.929497602863563,8.927976757883958,-0.431459551396462,0.6669328713589902,12.929497602863563,4.90652179055993,-0.7850899295394868,0.7837995781389338,FAIL_TO_REJECT,-0.012842628935019461,1.044367517193521,True,-1.2608211005206825e-17,1.0,bandwidth_multiplier,0.5,10.500431389683634,15,1.0,JM:19_AR1_EGARCH11_t,ok,0.0,stable_fail_to_reject,JM,19_AR1_EGARCH11_t
2536,21.000862779367267,21,21,15,1.0,18.805464520575992,18.805464520575992,27.90039771784113,18.29338182708464,-0.49717068627515604,0.6904656544388198,27.90039771784113,7.404235785639383,-1.2283419194868006,0.8903406795298566,FAIL_TO_REJECT,-0.012842628935019461,1.044367517193521,True,-1.2608211005206825e-17,1.0,bandwidth_multiplier,1.0,21.000862779367267,15,1.0,JM:19_AR1_EGARCH11_t,ok,0.0,stable_fail_to_reject,JM,19_AR1_EGARCH11_t
2536,31.5012941690509,31,31,15,1.0,28.099110604022506,28.099110604022506,42.8939838029077,26.96138452245765,-0.5487430805551441,0.7084091114963771,42.893983802907705,9.258900290324785,-1.597908254217329,0.9449683015899554,FAIL_TO_REJECT,-0.012842628935019461,1.044367517193521,True,-1.2608211005206825e-17,1.0,bandwidth_multiplier,1.5,31.5012941690509,15,1.0,JM:19_AR1_EGARCH11_t,ok,0.0,stable_fail_to_reject,JM,19_AR1_EGARCH11_t
2536,42.001725558734535,42,42,15,1.0,38.49488361091571,38.49488361091571,57.89323719636182,35.37363420889923,-0.5483845247816214,0.7082860499554646,57.893237196361824,10.80142401724468,-1.795907053965873,0.963745349797936,FAIL_TO_REJECT,-0.012842628935019461,1.044367517193521,True,-1.2608211005206825e-17,1.0,bandwidth_multiplier,2.0,42.001725558734535,15,1.0,JM:19_AR1_EGARCH11_t,ok,0.0,stable_fail_to_reject,JM,19_AR1_EGARCH11_t
2536,21.000862779367267,21,21,8,1.0,18.827112557466833,18.827112557466833,28.551169947365324,18.297446103490703,-0.5314434230274016,0.7024442312500684,28.551169947365327,7.461646471887624,-1.3032053215781116,0.9037476630843506,FAIL_TO_REJECT,-0.012842628935019461,1.044367517193521,True,-1.2608211005206825e-17,1.0,weight_grid_size,1.0,21.000862779367267,8,1.0,JM:19_AR1_EGARCH11_t,ok,0.0,stable_fail_to_reject,JM,19_AR1_EGARCH11_t
2536,21.000862779367267,21,21,15,1.0,18.805464520575992,18.805464520575992,27.90039771784113,18.29338182708464,-0.49717068627515604,0.6904656544388198,27.90039771784113,7.404235785639383,-1.2283419194868006,0.8903406795298566,FAIL_TO_REJECT,-0.012842628935019461,1.044367517193521,True,-1.2608211005206825e-17,1.0,weight_grid_size,1.0,21.000862779367267,15,1.0,JM:19_AR1_EGARCH11_t,ok,0.0,stable_fail_to_reject,JM,19_AR1_EGARCH11_t
2536,21.000862779367267,21,21,21,1.0,18.826966110585122,18.826966110585122,27.964157606384344,18.292068577940785,-0.49951657773785985,0.6912922444931405,27.964157606384337,7.3934231516840665,-1.2358539891928078,0.8917435788266935,FAIL_TO_REJECT,-0.012842628935019461,1.044367517193521,True,-1.2608211005206825e-17,1.0,weight_grid_size,1.0,21.000862779367267,21,1.0,JM:19_AR1_EGARCH11_t,ok,0.0,stable_fail_to_reject,JM,19_AR1_EGARCH11_t
2536,21.000862779367267,21,21,15,0.75,13.501525266855799,13.501525266855799,20.514155919866745,12.966137901454784,-0.540841899593258,0.7056917199057611,20.51415591986675,5.881737302215369,-1.1922719925573058,0.8834226936626415,FAIL_TO_REJECT,-0.012842628935019461,1.044367517193521,True,-1.2608211005206825e-17,1.0,weight_scale,1.0,21.000862779367267,15,0.75,JM:19_AR1_EGARCH11_t,ok,0.0,stable_fail_to_reject,JM,19_AR1_EGARCH11_t
2536,21.000862779367267,21,21,15,1.0,18.805464520575992,18.805464520575992,27.90039771784113,18.29338182708464,-0.49717068627515604,0.6904656544388198,27.90039771784113,7.404235785639383,-1.2283419194868006,0.8903406795298566,FAIL_TO_REJECT,-0.012842628935019461,1.044367517193521,True,-1.2608211005206825e-17,1.0,weight_scale,1.0,21.000862779367267,15,1.0,JM:19_AR1_EGARCH11_t,ok,0.0,stable_fail_to_reject,JM,19_AR1_EGARCH11_t
2536,21.000862779367267,21,21,15,1.25,23.073202462979275,23.073202462979275,33.91233350934872,22.685903188509595,-0.47779147060186095,0.6836006837392056,33.91233350934873,8.456127022634542,-1.2818079739526518,0.9000449918548334,FAIL_TO_REJECT,-0.012842628935019461,1.044367517193521,True,-1.2608211005206825e-17,1.0,weight_scale,1.0,21.000862779367267,15,1.25,JM:19_AR1_EGARCH11_t,ok,0.0,stable_fail_to_reject,JM,19_AR1_EGARCH11_t
2537,10.501811391196394,10,10,15,1.0,19.554194923262784,19.554194923262784,22.16959283191096,12.515325610908091,-0.20897561837054018,0.5827663639410067,22.169592831910958,8.408181660498991,-0.3110539251233257,0.6221201864001765,FAIL_TO_REJECT,-0.008172624069036839,1.075187449390133,True,-1.4003601414270797e-17,1.0,bandwidth_multiplier,0.5,10.501811391196394,15,1.0,M:14_TARCH11_t,ok,0.0,stable_fail_to_reject,M,14_TARCH11_t
2537,21.00362278239279,21,21,15,1.0,39.342732699948336,39.342732699948336,47.83894871837514,25.49415161092419,-0.33326137492593383,0.6305315035965307,47.838948718375136,12.688332639446285,-0.6696085498273611,0.7484463188367874,FAIL_TO_REJECT,-0.008172624069036839,1.075187449390133,True,-1.4003601414270797e-17,1.0,bandwidth_multiplier,1.0,21.00362278239279,15,1.0,M:14_TARCH11_t,ok,0.0,stable_fail_to_reject,M,14_TARCH11_t
2537,31.505434173589183,31,31,15,1.0,65.03882469348054,65.03882469348054,73.5472174642709,39.82234985274737,-0.2136587318993524,0.5845934023354469,73.5472174642709,15.866549033732566,-0.5362472175078129,0.7041061478068898,FAIL_TO_REJECT,-0.008172624069036839,1.075187449390133,True,-1.4003601414270797e-17,1.0,bandwidth_multiplier,1.5,31.505434173589183,15,1.0,M:14_TARCH11_t,ok,0.0,stable_fail_to_reject,M,14_TARCH11_t
2537,42.00724556478558,42,42,15,1.0,93.26094664224999,93.26094664224999,99.26518452094432,55.486173343681,-0.10821142488064757,0.5430860087845978,99.26518452094432,18.509874808533127,-0.324380253286551,0.6271749161008833,FAIL_TO_REJECT,-0.008172624069036839,1.075187449390133,True,-1.4003601414270797e-17,1.0,bandwidth_multiplier,2.0,42.00724556478558,15,1.0,M:14_TARCH11_t,ok,0.0,stable_fail_to_reject,M,14_TARCH11_t
2537,21.00362278239279,21,21,8,1.0,39.52761935992463,39.52761935992463,48.91972321410812,25.44049161506457,-0.36917933805264835,0.644002972183309,48.91972321410811,12.798767689992433,-0.7338287623993146,0.768473445787134,FAIL_TO_REJECT,-0.008172624069036839,1.075187449390133,True,-1.4003601414270797e-17,1.0,weight_grid_size,1.0,21.00362278239279,8,1.0,M:14_TARCH11_t,ok,0.0,stable_fail_to_reject,M,14_TARCH11_t
2537,21.00362278239279,21,21,15,1.0,39.342732699948336,39.342732699948336,47.83894871837514,25.49415161092419,-0.33326137492593383,0.6305315035965307,47.838948718375136,12.688332639446285,-0.6696085498273611,0.7484463188367874,FAIL_TO_REJECT,-0.008172624069036839,1.075187449390133,True,-1.4003601414270797e-17,1.0,weight_grid_size,1.0,21.00362278239279,15,1.0,M:14_TARCH11_t,ok,0.0,stable_fail_to_reject,M,14_TARCH11_t
2537,21.00362278239279,21,21,21,1.0,39.17943964899457,39.17943964899457,47.89787568831075,25.49024978948099,-0.3420302316109119,0.6338359293760392,47.89787568831075,12.659668139194673,-0.6886780872496704,0.7544870656107971,FAIL_TO_REJECT,-0.008172624069036839,1.075187449390133,True,-1.4003601414270797e-17,1.0,weight_grid_size,1.0,21.00362278239279,21,1.0,M:14_TARCH11_t,ok,0.0,stable_fail_to_reject,M,14_TARCH11_t
2537,21.00362278239279,21,21,15,0.75,28.41043216881216,28.41043216881216,34.81689435792272,17.56392983363893,-0.36475106936721663,0.6423513834040738,34.81689435792272,9.915504086306393,-0.646105546762678,0.7408944982887667,FAIL_TO_REJECT,-0.008172624069036839,1.075187449390133,True,-1.4003601414270797e-17,1.0,weight_scale,1.0,21.00362278239279,15,0.75,M:14_TARCH11_t,ok,0.0,stable_fail_to_reject,M,14_TARCH11_t
2537,21.00362278239279,21,21,15,1.0,39.342732699948336,39.342732699948336,47.83894871837514,25.49415161092419,-0.33326137492593383,0.6305315035965307,47.838948718375136,12.688332639446285,-0.6696085498273611,0.7484463188367874,FAIL_TO_REJECT,-0.008172624069036839,1.075187449390133,True,-1.4003601414270797e-17,1.0,weight_scale,1.0,21.00362278239279,15,1.0,M:14_TARCH11_t,ok,0.0,stable_fail_to_reject,M,14_TARCH11_t
2537,21.00362278239279,21,21,15,1.25,48.5059984656663,48.5059984656663,58.50198563824473,32.709739292899165,-0.30559666291037735,0.6200441191929712,58.50198563824473,14.734050557876545,-0.6784276416938698,0.751249706045294,FAIL_TO_REJECT,-0.008172624069036839,1.075187449390133,True,-1.4003601414270797e-17,1.0,weight_scale,1.0,21.00362278239279,15,1.25,M:14_TARCH11_t,ok,0.0,stable_fail_to_reject,M,14_TARCH11_t
2537,10.501811391196394,10,10,15,1.0,5.878282817907719,5.878282817907719,4.410207804679283,1.7645564126187256,0.8319796424358626,0.20271021771658781,4.410207804679281,1.6257702894133603,0.9030027321745281,0.1832622224411029,FAIL_TO_REJECT,0.01117115382430234,1.0020107901350048,True,-2.0305222050692655e-17,1.0,bandwidth_multiplier,0.5,10.501811391196394,15,1.0,MA:05_GARCH11_ged,ok,0.0,stable_fail_to_reject,MA,05_GARCH11_ged
2537,21.00362278239279,21,21,15,1.0,11.36103954798902,11.36103954798902,9.51662516335191,3.23442661041706,0.5702446234818986,0.2842558970602145,9.516625163351911,2.453362101382259,0.7517905259879654,0.22608852014505088,FAIL_TO_REJECT,0.01117115382430234,1.0020107901350048,True,-2.0305222050692655e-17,1.0,bandwidth_multiplier,1.0,21.00362278239279,15,1.0,MA:05_GARCH11_ged,ok,0.0,stable_fail_to_reject,MA,05_GARCH11_ged
2537,31.505434173589183,31,31,15,1.0,15.902698989576171,15.902698989576171,14.630783475936896,4.738662139489048,0.268412365388941,0.3941909612112343,14.630783475936898,3.0678885228832957,0.4145898731821872,0.33922108139360574,FAIL_TO_REJECT,0.01117115382430234,1.0020107901350048,True,-2.0305222050692655e-17,1.0,bandwidth_multiplier,1.5,31.505434173589183,15,1.0,MA:05_GARCH11_ged,ok,0.0,stable_fail_to_reject,MA,05_GARCH11_ged
2537,42.00724556478558,42,42,15,1.0,20.455127650855825,20.455127650855825,19.746871078166848,6.2329662163379265,0.11363074146503263,0.45476525850601823,19.74687107816685,3.5789907663208225,0.1978928192142437,0.42156446125766867,FAIL_TO_REJECT,0.01117115382430234,1.0020107901350048,True,-2.0305222050692655e-17,1.0,bandwidth_multiplier,2.0,42.00724556478558,15,1.0,MA:05_GARCH11_ged,ok,0.0,stable_fail_to_reject,MA,05_GARCH11_ged
2537,21.00362278239279,21,21,8,1.0,12.06506382800364,12.06506382800364,9.672460251990573,3.2558779538256784,0.734856653088529,0.23121339994202073,9.67246025199057,2.467015966620496,0.9698370859312426,0.16606385196258544,FAIL_TO_REJECT,0.01117115382430234,1.0020107901350048,True,-2.0305222050692655e-17,1.0,weight_grid_size,1.0,21.00362278239279,8,1.0,MA:05_GARCH11_ged,ok,0.0,stable_fail_to_reject,MA,05_GARCH11_ged
2537,21.00362278239279,21,21,15,1.0,11.36103954798902,11.36103954798902,9.51662516335191,3.23442661041706,0.5702446234818986,0.2842558970602145,9.516625163351911,2.453362101382259,0.7517905259879654,0.22608852014505088,FAIL_TO_REJECT,0.01117115382430234,1.0020107901350048,True,-2.0305222050692655e-17,1.0,weight_grid_size,1.0,21.00362278239279,15,1.0,MA:05_GARCH11_ged,ok,0.0,stable_fail_to_reject,MA,05_GARCH11_ged
2537,21.00362278239279,21,21,21,1.0,11.578906584405612,11.578906584405612,9.525943565323846,3.229891329044443,0.6356136507196762,0.2625141349628427,9.525943565323844,2.44998497461844,0.8379492284035315,0.20102960945933068,FAIL_TO_REJECT,0.01117115382430234,1.0020107901350048,True,-2.0305222050692655e-17,1.0,weight_grid_size,1.0,21.00362278239279,21,1.0,MA:05_GARCH11_ged,ok,0.0,stable_fail_to_reject,MA,05_GARCH11_ged
2537,21.00362278239279,21,21,15,0.75,8.695803382000408,8.695803382000408,7.084620046777929,2.4874116638867196,0.6477348959218575,0.25857821500178746,7.084620046777927,1.9895049718813986,0.8098413213307263,0.20901569011613508,FAIL_TO_REJECT,0.01117115382430234,1.0020107901350048,True,-2.0305222050692655e-17,1.0,weight_scale,1.0,21.00362278239279,15,0.75,MA:05_GARCH11_ged,ok,0.0,stable_fail_to_reject,MA,05_GARCH11_ged
2537,21.00362278239279,21,21,15,1.0,11.36103954798902,11.36103954798902,9.51662516335191,3.23442661041706,0.5702446234818986,0.2842558970602145,9.516625163351911,2.453362101382259,0.7517905259879654,0.22608852014505088,FAIL_TO_REJECT,0.01117115382430234,1.0020107901350048,True,-2.0305222050692655e-17,1.0,weight_scale,1.0,21.00362278239279,15,1.0,MA:05_GARCH11_ged,ok,0.0,stable_fail_to_reject,MA,05_GARCH11_ged
2537,21.00362278239279,21,21,15,1.25,13.45594500091305,13.45594500091305,11.434108204040465,3.847390291339137,0.5255086289072217,0.29961482818258267,11.434108204040465,2.7652591327583034,0.7311563581586783,0.2323418267545625,FAIL_TO_REJECT,0.01117115382430234,1.0020107901350048,True,-2.0305222050692655e-17,1.0,weight_scale,1.0,21.00362278239279,15,1.25,MA:05_GARCH11_ged,ok,0.0,stable_fail_to_reject,MA,05_GARCH11_ged
2537,10.501811391196394,10,10,15,1.0,5.38275684296954,5.38275684296954,6.969856439836119,3.764681474104721,-0.42157606368119277,0.6633327596541546,6.969856439836117,2.5736351532600463,-0.616676219570666,0.7312758452012376,FAIL_TO_REJECT,0.0004971283889549299,0.9774499449697346,True,5.601440565708318e-18,1.0,bandwidth_multiplier,0.5,10.501811391196394,15,1.0,OI:08_EGARCH11_t,ok,0.0,stable_fail_to_reject,OI,08_EGARCH11_t
2537,21.00362278239279,21,21,15,1.0,13.31692589787517,13.31692589787517,15.039996779725072,7.205115834948589,-0.23914547958994722,0.5945036114621337,15.039996779725067,3.8837337531070704,-0.4436634927591018,0.6713570532082604,FAIL_TO_REJECT,0.0004971283889549299,0.9774499449697346,True,5.601440565708318e-18,1.0,bandwidth_multiplier,1.0,21.00362278239279,15,1.0,OI:08_EGARCH11_t,ok,0.0,stable_fail_to_reject,OI,08_EGARCH11_t
2537,31.505434173589183,31,31,15,1.0,21.738223148780396,21.738223148780396,23.12237086003307,10.48726082159506,-0.13198372146923978,0.5525014162561794,23.12237086003307,4.856544494748104,-0.28500669822947133,0.6121804948911884,FAIL_TO_REJECT,0.0004971283889549299,0.9774499449697346,True,5.601440565708318e-18,1.0,bandwidth_multiplier,1.5,31.505434173589183,15,1.0,OI:08_EGARCH11_t,ok,0.0,stable_fail_to_reject,OI,08_EGARCH11_t
2537,42.00724556478558,42,42,15,1.0,30.63913829810886,30.63913829810886,31.207793973958506,13.832154205326813,-0.04111114345664633,0.5163963545392909,31.207793973958495,5.665632167949179,-0.10036932490368031,0.5399744390278582,FAIL_TO_REJECT,0.0004971283889549299,0.9774499449697346,True,5.601440565708318e-18,1.0,bandwidth_multiplier,2.0,42.00724556478558,15,1.0,OI:08_EGARCH11_t,ok,0.0,stable_fail_to_reject,OI,08_EGARCH11_t
2537,21.00362278239279,21,21,8,1.0,14.185364140479649,14.185364140479649,15.381757792240062,7.281634285875261,-0.16430290300093056,0.565253651756173,15.381757792240064,3.9135543918420748,-0.3057051293970347,0.6200854162598568,FAIL_TO_REJECT,0.0004971283889549299,0.9774499449697346,True,5.601440565708318e-18,1.0,weight_grid_size,1.0,21.00362278239279,8,1.0,OI:08_EGARCH11_t,ok,0.0,stable_fail_to_reject,OI,08_EGARCH11_t
2537,21.00362278239279,21,21,15,1.0,13.31692589787517,13.31692589787517,15.039996779725072,7.205115834948589,-0.23914547958994722,0.5945036114621337,15.039996779725067,3.8837337531070704,-0.4436634927591018,0.6713570532082604,FAIL_TO_REJECT,0.0004971283889549299,0.9774499449697346,True,5.601440565708318e-18,1.0,weight_grid_size,1.0,21.00362278239279,15,1.0,OI:08_EGARCH11_t,ok,0.0,stable_fail_to_reject,OI,08_EGARCH11_t
2537,21.00362278239279,21,21,21,1.0,13.285521673442346,13.285521673442346,15.07840018311679,7.207137631981888,-0.2487642946789987,0.5982284441438432,15.078400183116788,3.8785630517861445,-0.4622532844602823,0.6780501520225715,FAIL_TO_REJECT,0.0004971283889549299,0.9774499449697346,True,5.601440565708318e-18,1.0,weight_grid_size,1.0,21.00362278239279,21,1.0,OI:08_EGARCH11_t,ok,0.0,stable_fail_to_reject,OI,08_EGARCH11_t
2537,21.00362278239279,21,21,15,0.75,10.097517510333184,10.097517510333184,11.177609696486945,5.492467237709308,-0.1966497276011473,0.5779491733296784,11.177609696486941,3.119903741101083,-0.3461940738506789,0.6354015659635072,FAIL_TO_REJECT,0.0004971283889549299,0.9774499449697346,True,5.601440565708318e-18,1.0,weight_scale,1.0,21.00362278239279,15,0.75,OI:08_EGARCH11_t,ok,0.0,stable_fail_to_reject,OI,08_EGARCH11_t
2537,21.00362278239279,21,21,15,1.0,13.31692589787517,13.31692589787517,15.039996779725072,7.205115834948589,-0.23914547958994722,0.5945036114621337,15.039996779725067,3.8837337531070704,-0.4436634927591018,0.6713570532082604,FAIL_TO_REJECT,0.0004971283889549299,0.9774499449697346,True,5.601440565708318e-18,1.0,weight_scale,1.0,21.00362278239279,15,1.0,OI:08_EGARCH11_t,ok,0.0,stable_fail_to_reject,OI,08_EGARCH11_t
2537,21.00362278239279,21,21,15,1.25,16.36690345931335,16.36690345931335,18.15091238944702,8.52859466231953,-0.20917970671248562,0.5828460231525162,18.150912389447022,4.420920109280181,-0.40353792559806007,0.6567237297648609,FAIL_TO_REJECT,0.0004971283889549299,0.9774499449697346,True,5.601440565708318e-18,1.0,weight_scale,1.0,21.00362278239279,15,1.25,OI:08_EGARCH11_t,ok,0.0,stable_fail_to_reject,OI,08_EGARCH11_t
2537,10.501811391196394,10,10,15,1.0,9.273902526838981,9.273902526838981,5.66595341164879,2.794958566788237,1.2908774956675597,0.09837308003652767,5.66595341164879,2.1445976337424315,1.6823431390689998,0.046251160249058065,FAIL_TO_REJECT,0.00768312605397581,1.0085461147373243,True,-2.1005402121406193e-18,1.0,bandwidth_multiplier,0.5,10.501811391196394,15,1.0,P:09_EGARCH11_skewt,ok,0.0,stable_fail_to_reject,P,09_EGARCH11_skewt
2537,21.00362278239279,21,21,15,1.0,15.825594733258976,15.825594733258976,12.226352407808527,5.231148420651728,0.6880405670084264,0.24571361772135036,12.226352407808523,3.236296413828728,1.1121485380853413,0.1330371450971204,FAIL_TO_REJECT,0.00768312605397581,1.0085461147373243,True,-2.1005402121406193e-18,1.0,bandwidth_multiplier,1.0,21.00362278239279,15,1.0,P:09_EGARCH11_skewt,ok,0.0,stable_fail_to_reject,P,09_EGARCH11_skewt
2537,31.505434173589183,31,31,15,1.0,23.159769333519012,23.159769333519012,18.796696487322965,7.456002323340111,0.5851758968124214,0.2792147250332102,18.796696487322972,4.046934865032607,1.0781178822261293,0.14049057614618,FAIL_TO_REJECT,0.00768312605397581,1.0085461147373243,True,-2.1005402121406193e-18,1.0,bandwidth_multiplier,1.5,31.505434173589183,15,1.0,P:09_EGARCH11_skewt,ok,0.0,stable_fail_to_reject,P,09_EGARCH11_skewt
2537,42.00724556478558,42,42,15,1.0,30.77196942231061,30.77196942231061,25.36951919499512,9.593998982782908,0.5631072336999993,0.2866809330235853,25.369519194995114,4.721143681009977,1.1443096402776227,0.12624762335555872,FAIL_TO_REJECT,0.00768312605397581,1.0085461147373243,True,-2.1005402121406193e-18,1.0,bandwidth_multiplier,2.0,42.00724556478558,15,1.0,P:09_EGARCH11_skewt,ok,0.0,stable_fail_to_reject,P,09_EGARCH11_skewt
2537,21.00362278239279,21,21,8,1.0,15.162246212508087,15.162246212508087,12.492336028062251,5.260817356011714,0.5075086253269826,0.30589899297529255,12.492336028062246,3.264585534573774,0.8178404750526551,0.2067241415607448,FAIL_TO_REJECT,0.00768312605397581,1.0085461147373243,True,-2.1005402121406193e-18,1.0,weight_grid_size,1.0,21.00362278239279,8,1.0,P:09_EGARCH11_skewt,ok,0.0,stable_fail_to_reject,P,09_EGARCH11_skewt
2537,21.00362278239279,21,21,15,1.0,15.825594733258976,15.825594733258976,12.226352407808527,5.231148420651728,0.6880405670084264,0.24571361772135036,12.226352407808523,3.236296413828728,1.1121485380853413,0.1330371450971204,FAIL_TO_REJECT,0.00768312605397581,1.0085461147373243,True,-2.1005402121406193e-18,1.0,weight_grid_size,1.0,21.00362278239279,15,1.0,P:09_EGARCH11_skewt,ok,0.0,stable_fail_to_reject,P,09_EGARCH11_skewt
2537,21.00362278239279,21,21,21,1.0,15.79753867122807,15.79753867122807,12.252334336898445,5.228330535991692,0.6780757853629434,0.24886182151212055,12.252334336898443,3.2275737653089127,1.0984115599261335,0.1360124084245775,FAIL_TO_REJECT,0.00768312605397581,1.0085461147373243,True,-2.1005402121406193e-18,1.0,weight_grid_size,1.0,21.00362278239279,21,1.0,P:09_EGARCH11_skewt,ok,0.0,stable_fail_to_reject,P,09_EGARCH11_skewt
2537,21.00362278239279,21,21,15,0.75,10.603933582269045,10.603933582269045,9.063447267388847,4.004040216078952,0.38473297762946906,0.35021762987765137,9.063447267388845,2.598534283255036,0.5928289362226616,0.27664782020224066,FAIL_TO_REJECT,0.00768312605397581,1.0085461147373243,True,-2.1005402121406193e-18,1.0,weight_scale,1.0,21.00362278239279,15,0.75,P:09_EGARCH11_skewt,ok,0.0,stable_fail_to_reject,P,09_EGARCH11_skewt
2537,21.00362278239279,21,21,15,1.0,15.825594733258976,15.825594733258976,12.226352407808527,5.231148420651728,0.6880405670084264,0.24571361772135036,12.226352407808523,3.236296413828728,1.1121485380853413,0.1330371450971204,FAIL_TO_REJECT,0.00768312605397581,1.0085461147373243,True,-2.1005402121406193e-18,1.0,weight_scale,1.0,21.00362278239279,15,1.0,P:09_EGARCH11_skewt,ok,0.0,stable_fail_to_reject,P,09_EGARCH11_skewt
2537,21.00362278239279,21,21,15,1.25,20.522775225224475,20.522775225224475,14.721171275348304,6.135761205926943,0.9455393968513659,0.17219178368977717,14.721171275348299,3.657709144411553,1.5861304769790627,0.05635485730079659,FAIL_TO_REJECT,0.00768312605397581,1.0085461147373243,True,-2.1005402121406193e-18,1.0,weight_scale,1.0,21.00362278239279,15,1.25,P:09_EGARCH11_skewt,ok,0.0,stable_fail_to_reject,P,09_EGARCH11_skewt
2536,10.500431389683634,10,10,15,1.0,7.455883326665997,7.455883326665997,6.132259108088099,3.1247688094752353,0.4235910876235942,0.3359320280870366,6.132259108088098,2.2930196382206396,0.5772406814644722,0.2818884394804163,FAIL_TO_REJECT,-0.010612385143930632,0.9992423833182624,True,-3.082007134606113e-17,1.0000000000000002,bandwidth_multiplier,0.5,10.500431389683634,15,1.0,RB:19_AR1_EGARCH11_t,ok,0.0,stable_fail_to_reject,RB,19_AR1_EGARCH11_t
2536,21.000862779367267,21,21,15,1.0,14.9053009417642,14.9053009417642,13.232723596825517,5.960605519190765,0.2806052740033966,0.3895065852162255,13.232723596825519,3.460304221037527,0.4833613572962611,0.31441959048215473,FAIL_TO_REJECT,-0.010612385143930632,0.9992423833182624,True,-3.082007134606113e-17,1.0000000000000002,bandwidth_multiplier,1.0,21.000862779367267,15,1.0,RB:19_AR1_EGARCH11_t,ok,0.0,stable_fail_to_reject,RB,19_AR1_EGARCH11_t
2536,31.5012941690509,31,31,15,1.0,20.862638683901892,20.862638683901892,20.34394768744208,8.648839562265582,0.05997232261340982,0.4760888391776186,20.343947687442082,4.3270653021228425,0.11987131236622248,0.4522925449980767,FAIL_TO_REJECT,-0.010612385143930632,0.9992423833182624,True,-3.082007134606113e-17,1.0000000000000002,bandwidth_multiplier,1.5,31.5012941690509,15,1.0,RB:19_AR1_EGARCH11_t,ok,0.0,stable_fail_to_reject,RB,19_AR1_EGARCH11_t
2536,42.001725558734535,42,42,15,1.0,27.00141161406389,27.00141161406389,27.457859694058573,11.153106975583553,-0.04092564349951468,0.5163224129933,27.45785969405858,5.047950146668691,-0.09042246193653777,0.5360242461192241,FAIL_TO_REJECT,-0.010612385143930632,0.9992423833182624,True,-3.082007134606113e-17,1.0000000000000002,bandwidth_multiplier,2.0,42.001725558734535,15,1.0,RB:19_AR1_EGARCH11_t,ok,0.0,stable_fail_to_reject,RB,19_AR1_EGARCH11_t
2536,21.000862779367267,21,21,8,1.0,14.869631186028576,14.869631186028576,13.516807531279476,5.972132128706856,0.2265227268242015,0.4103974425600996,13.516807531279474,3.484845091952408,0.38820194845193917,0.3489332956833966,FAIL_TO_REJECT,-0.010612385143930632,0.9992423833182624,True,-3.082007134606113e-17,1.0000000000000002,weight_grid_size,1.0,21.000862779367267,8,1.0,RB:19_AR1_EGARCH11_t,ok,0.0,stable_fail_to_reject,RB,19_AR1_EGARCH11_t
2536,21.000862779367267,21,21,15,1.0,14.9053009417642,14.9053009417642,13.232723596825517,5.960605519190765,0.2806052740033966,0.3895065852162255,13.232723596825519,3.460304221037527,0.4833613572962611,0.31441959048215473,FAIL_TO_REJECT,-0.010612385143930632,0.9992423833182624,True,-3.082007134606113e-17,1.0000000000000002,weight_grid_size,1.0,21.000862779367267,15,1.0,RB:19_AR1_EGARCH11_t,ok,0.0,stable_fail_to_reject,RB,19_AR1_EGARCH11_t
2536,21.000862779367267,21,21,21,1.0,15.005033678160663,15.005033678160663,13.267702253799516,5.957311002272724,0.29163013710352736,0.3852847152484107,13.267702253799516,3.4529120577206367,0.5031496300279386,0.3074295377109695,FAIL_TO_REJECT,-0.010612385143930632,0.9992423833182624,True,-3.082007134606113e-17,1.0000000000000002,weight_grid_size,1.0,21.000862779367267,21,1.0,RB:19_AR1_EGARCH11_t,ok,0.0,stable_fail_to_reject,RB,19_AR1_EGARCH11_t
2536,21.000862779367267,21,21,15,0.75,10.566037476943704,10.566037476943704,9.825292974226903,4.465655104876987,0.16587588725959296,0.43412731188552556,9.825292974226901,2.786793324431408,0.2658053240700717,0.3951945713324482,FAIL_TO_REJECT,-0.010612385143930632,0.9992423833182624,True,-3.082007134606113e-17,1.0000000000000002,weight_scale,1.0,21.000862779367267,15,0.75,RB:19_AR1_EGARCH11_t,ok,0.0,stable_fail_to_reject,RB,19_AR1_EGARCH11_t
2536,21.000862779367267,21,21,15,1.0,14.9053009417642,14.9053009417642,13.232723596825517,5.960605519190765,0.2806052740033966,0.3895065852162255,13.232723596825519,3.460304221037527,0.4833613572962611,0.31441959048215473,FAIL_TO_REJECT,-0.010612385143930632,0.9992423833182624,True,-3.082007134606113e-17,1.0000000000000002,weight_scale,1.0,21.000862779367267,15,1.0,RB:19_AR1_EGARCH11_t,ok,0.0,stable_fail_to_reject,RB,19_AR1_EGARCH11_t
2536,21.000862779367267,21,21,15,1.25,18.93202324211418,18.93202324211418,15.93738822206268,7.125147290403436,0.42029096354048007,0.33713645522289526,15.937388222062676,3.904824844616319,0.7669063630806087,0.22156859508471638,FAIL_TO_REJECT,-0.010612385143930632,0.9992423833182624,True,-3.082007134606113e-17,1.0000000000000002,weight_scale,1.0,21.000862779367267,15,1.25,RB:19_AR1_EGARCH11_t,ok,0.0,stable_fail_to_reject,RB,19_AR1_EGARCH11_t
2537,10.501811391196394,10,10,15,1.0,21.714439690639022,21.714439690639022,18.607273543556367,19.439270553341412,0.15983964720057692,0.4365036958128887,18.607273543556367,6.892960302932592,0.4507738345396707,0.3260762806694949,FAIL_TO_REJECT,0.011600264605130514,0.9956530962045382,True,2.800720282854159e-18,0.9999999999999998,bandwidth_multiplier,0.5,10.501811391196394,15,1.0,RU:08_EGARCH11_t,ok,0.0,stable_fail_to_reject,RU,08_EGARCH11_t
2537,21.00362278239279,21,21,15,1.0,47.2304085789804,47.2304085789804,40.15195098927051,33.58642767623616,0.21075351204195508,0.41653980785515654,40.15195098927051,10.401793958019306,0.6805035379741131,0.24809284119840114,FAIL_TO_REJECT,0.011600264605130514,0.9956530962045382,True,2.800720282854159e-18,0.9999999999999998,bandwidth_multiplier,1.0,21.00362278239279,15,1.0,RU:08_EGARCH11_t,ok,0.0,stable_fail_to_reject,RU,08_EGARCH11_t
2537,31.505434173589183,31,31,15,1.0,70.35874539246083,70.35874539246083,61.72928858464527,46.985245227138705,0.18366312160548617,0.42713887069750867,61.72928858464528,13.007270424216967,0.6634333358480198,0.25352653084123467,FAIL_TO_REJECT,0.011600264605130514,0.9956530962045382,True,2.800720282854159e-18,0.9999999999999998,bandwidth_multiplier,1.5,31.505434173589183,15,1.0,RU:08_EGARCH11_t,ok,0.0,stable_fail_to_reject,RU,08_EGARCH11_t
2537,42.00724556478558,42,42,15,1.0,92.43318896492688,92.43318896492688,83.31476611848977,60.813424763707864,0.14994095270685676,0.4404056006695892,83.31476611848976,15.174247824219703,0.6009143222165623,0.27394852669093994,FAIL_TO_REJECT,0.011600264605130514,0.9956530962045382,True,2.800720282854159e-18,0.9999999999999998,bandwidth_multiplier,2.0,42.00724556478558,15,1.0,RU:08_EGARCH11_t,ok,0.0,stable_fail_to_reject,RU,08_EGARCH11_t
2537,21.00362278239279,21,21,8,1.0,46.0516651824895,46.0516651824895,41.42070058344232,33.58764452509142,0.13787702783348357,0.4451688030616081,41.42070058344231,10.500392976660073,0.4410277414703187,0.3295964568281977,FAIL_TO_REJECT,0.011600264605130514,0.9956530962045382,True,2.800720282854159e-18,0.9999999999999998,weight_grid_size,1.0,21.00362278239279,8,1.0,RU:08_EGARCH11_t,ok,0.0,stable_fail_to_reject,RU,08_EGARCH11_t
2537,21.00362278239279,21,21,15,1.0,47.2304085789804,47.2304085789804,40.15195098927051,33.58642767623616,0.21075351204195508,0.41653980785515654,40.15195098927051,10.401793958019306,0.6805035379741131,0.24809284119840114,FAIL_TO_REJECT,0.011600264605130514,0.9956530962045382,True,2.800720282854159e-18,0.9999999999999998,weight_grid_size,1.0,21.00362278239279,15,1.0,RU:08_EGARCH11_t,ok,0.0,stable_fail_to_reject,RU,08_EGARCH11_t
2537,21.00362278239279,21,21,21,1.0,47.09221142269809,47.09221142269809,40.3567722162193,33.571443019093095,0.20063001768044783,0.42049394228688264,40.3567722162193,10.36723803366101,0.6496850158749843,0.25794785238521056,FAIL_TO_REJECT,0.011600264605130514,0.9956530962045382,True,2.800720282854159e-18,0.9999999999999998,weight_grid_size,1.0,21.00362278239279,21,1.0,RU:08_EGARCH11_t,ok,0.0,stable_fail_to_reject,RU,08_EGARCH11_t
2537,21.00362278239279,21,21,15,0.75,35.15425417974271,35.15425417974271,29.635360096073228,23.611175939090042,0.23374075471321798,0.4075931231586367,29.63536009607322,8.18910102560536,0.6739316154988472,0.25017739551069285,FAIL_TO_REJECT,0.011600264605130514,0.9956530962045382,True,2.800720282854159e-18,0.9999999999999998,weight_scale,1.0,21.00362278239279,15,0.75,RU:08_EGARCH11_t,ok,0.0,stable_fail_to_reject,RU,08_EGARCH11_t
2537,21.00362278239279,21,21,15,1.0,47.2304085789804,47.2304085789804,40.15195098927051,33.58642767623616,0.21075351204195508,0.41653980785515654,40.15195098927051,10.401793958019306,0.6805035379741131,0.24809284119840114,FAIL_TO_REJECT,0.011600264605130514,0.9956530962045382,True,2.800720282854159e-18,0.9999999999999998,weight_scale,1.0,21.00362278239279,15,1.0,RU:08_EGARCH11_t,ok,0.0,stable_fail_to_reject,RU,08_EGARCH11_t
2537,21.00362278239279,21,21,15,1.25,58.60239768786432,58.60239768786432,48.73419652635754,42.02025590908521,0.2348439091579442,0.4071649430154446,48.73419652635753,12.00892409994818,0.8217389900523538,0.20561273168505378,FAIL_TO_REJECT,0.011600264605130514,0.9956530962045382,True,2.800720282854159e-18,0.9999999999999998,weight_scale,1.0,21.00362278239279,15,1.25,RU:08_EGARCH11_t,ok,0.0,stable_fail_to_reject,RU,08_EGARCH11_t
2536,10.500431389683634,10,10,15,1.0,9.55438494321887,9.55438494321887,9.338071465713728,4.887758722172516,0.04425616929982077,0.4823501046249241,9.338071465713726,3.425280187064102,0.06315205346472759,0.47482271215707117,FAIL_TO_REJECT,0.02301488789485187,0.9478532327170377,True,2.801824667823739e-18,1.0,bandwidth_multiplier,0.5,10.500431389683634,15,1.0,SN:19_AR1_EGARCH11_t,ok,0.0,stable_fail_to_reject,SN,19_AR1_EGARCH11_t
2536,21.000862779367267,21,21,15,1.0,19.600217952870963,19.600217952870963,20.150505132800703,9.564758830098842,-0.05753278150600822,0.5229396032597515,20.150505132800703,5.168953327731442,-0.10646007906038694,0.5423913361743772,FAIL_TO_REJECT,0.02301488789485187,0.9478532327170377,True,2.801824667823739e-18,1.0,bandwidth_multiplier,1.0,21.000862779367267,15,1.0,SN:19_AR1_EGARCH11_t,ok,0.0,stable_fail_to_reject,SN,19_AR1_EGARCH11_t
2536,31.5012941690509,31,31,15,1.0,29.650134733385542,29.650134733385542,30.979323288787953,14.268833950632967,-0.09315327096811912,0.5371091013674691,30.979323288787953,6.463708727324805,-0.20563868383848635,0.5814634210398837,FAIL_TO_REJECT,0.02301488789485187,0.9478532327170377,True,2.801824667823739e-18,1.0,bandwidth_multiplier,1.5,31.5012941690509,15,1.0,SN:19_AR1_EGARCH11_t,ok,0.0,stable_fail_to_reject,SN,19_AR1_EGARCH11_t
2536,42.001725558734535,42,42,15,1.0,40.49366486525341,40.49366486525341,41.81223454509254,19.226058564103557,-0.06858242293618069,0.5273389948078552,41.81223454509253,7.540556275431187,-0.17486371451603855,0.5694066387270988,FAIL_TO_REJECT,0.02301488789485187,0.9478532327170377,True,2.801824667823739e-18,1.0,bandwidth_multiplier,2.0,42.001725558734535,15,1.0,SN:19_AR1_EGARCH11_t,ok,0.0,stable_fail_to_reject,SN,19_AR1_EGARCH11_t
2536,21.000862779367267,21,21,8,1.0,19.21303427756008,19.21303427756008,20.644397577958795,9.751775950943825,-0.1467797565898938,0.558347068246037,20.644397577958788,5.211601606267837,-0.27464940886449385,0.6082071986582216,FAIL_TO_REJECT,0.02301488789485187,0.9478532327170377,True,2.801824667823739e-18,1.0,weight_grid_size,1.0,21.000862779367267,8,1.0,SN:19_AR1_EGARCH11_t,ok,0.0,stable_fail_to_reject,SN,19_AR1_EGARCH11_t
2536,21.000862779367267,21,21,15,1.0,19.600217952870963,19.600217952870963,20.150505132800703,9.564758830098842,-0.05753278150600822,0.5229396032597515,20.150505132800703,5.168953327731442,-0.10646007906038694,0.5423913361743772,FAIL_TO_REJECT,0.02301488789485187,0.9478532327170377,True,2.801824667823739e-18,1.0,weight_grid_size,1.0,21.000862779367267,15,1.0,SN:19_AR1_EGARCH11_t,ok,0.0,stable_fail_to_reject,SN,19_AR1_EGARCH11_t
2536,21.000862779367267,21,21,21,1.0,18.936668254505534,18.936668254505534,20.174032144194463,9.550038824896404,-0.12956637270030696,0.5515452451871174,20.174032144194463,5.152697836412619,-0.24013903569986925,0.5948887633458385,FAIL_TO_REJECT,0.02301488789485187,0.9478532327170377,True,2.801824667823739e-18,1.0,weight_grid_size,1.0,21.000862779367267,21,1.0,SN:19_AR1_EGARCH11_t,ok,0.0,stable_fail_to_reject,SN,19_AR1_EGARCH11_t
2536,21.000862779367267,21,21,15,0.75,14.589360955985377,14.589360955985377,14.941354853659647,7.070906289877312,-0.04978059151741026,0.5198513833849554,14.941354853659641,4.133129838677993,-0.0851640067970503,0.533934497498807,FAIL_TO_REJECT,0.02301488789485187,0.9478532327170377,True,2.801824667823739e-18,1.0,weight_scale,1.0,21.000862779367267,15,0.75,SN:19_AR1_EGARCH11_t,ok,0.0,stable_fail_to_reject,SN,19_AR1_EGARCH11_t
2536,21.000862779367267,21,21,15,1.0,19.600217952870963,19.600217952870963,20.150505132800703,9.564758830098842,-0.05753278150600822,0.5229396032597515,20.150505132800703,5.168953327731442,-0.10646007906038694,0.5423913361743772,FAIL_TO_REJECT,0.02301488789485187,0.9478532327170377,True,2.801824667823739e-18,1.0,weight_scale,1.0,21.000862779367267,15,1.0,SN:19_AR1_EGARCH11_t,ok,0.0,stable_fail_to_reject,SN,19_AR1_EGARCH11_t
2536,21.000862779367267,21,21,15,1.25,22.894870913138057,22.894870913138057,24.37084229349127,11.717611785381001,-0.12596179216268685,0.5501189154718797,24.37084229349127,5.92138134681108,-0.24926132838042697,0.5984206785707079,FAIL_TO_REJECT,0.02301488789485187,0.9478532327170377,True,2.801824667823739e-18,1.0,weight_scale,1.0,21.000862779367267,15,1.25,SN:19_AR1_EGARCH11_t,ok,0.0,stable_fail_to_reject,SN,19_AR1_EGARCH11_t
2537,10.501811391196394,10,10,15,1.0,4.732160306148683,4.732160306148683,6.73445065594437,3.02094600907298,-0.6628024280414458,0.7462714508077599,6.734450655944368,2.489841986044944,-0.8041837036318424,0.7893545555200798,FAIL_TO_REJECT,-0.006867668102587019,0.980661208771996,True,-1.4003601414270795e-18,1.0,bandwidth_multiplier,0.5,10.501811391196394,15,1.0,SR:08_EGARCH11_t,ok,0.0,stable_fail_to_reject,SR,08_EGARCH11_t
2537,21.00362278239279,21,21,15,1.0,10.607030905666303,10.607030905666303,14.532023299607907,5.982721775406575,-0.6560546422326097,0.7441055164965942,14.532023299607905,3.7572860119108054,-1.0446349789446847,0.851904146687787,FAIL_TO_REJECT,-0.006867668102587019,0.980661208771996,True,-1.4003601414270795e-18,1.0,bandwidth_multiplier,1.0,21.00362278239279,15,1.0,SR:08_EGARCH11_t,ok,0.0,stable_fail_to_reject,SR,08_EGARCH11_t
2537,31.505434173589183,31,31,15,1.0,15.45931262051518,15.45931262051518,22.34141649106908,8.888595939130528,-0.7742622026788968,0.7806121246665532,22.34141649106908,4.698423696459921,-1.4647686788527177,0.9285079800212493,FAIL_TO_REJECT,-0.006867668102587019,0.980661208771996,True,-1.4003601414270795e-18,1.0,bandwidth_multiplier,1.5,31.505434173589183,15,1.0,SR:08_EGARCH11_t,ok,0.0,stable_fail_to_reject,SR,08_EGARCH11_t
2537,42.00724556478558,42,42,15,1.0,20.351616506513846,20.351616506513846,30.153755735526058,11.850584862860561,-0.8271439209495789,0.7959222537404171,30.15375573552605,5.481168856190762,-1.78833009640655,0.9631386165199562,FAIL_TO_REJECT,-0.006867668102587019,0.980661208771996,True,-1.4003601414270795e-18,1.0,bandwidth_multiplier,2.0,42.00724556478558,15,1.0,SR:08_EGARCH11_t,ok,0.0,stable_fail_to_reject,SR,08_EGARCH11_t
2537,21.00362278239279,21,21,8,1.0,10.636824033173744,10.636824033173744,14.876099831300774,5.998554268799802,-0.7067162533106881,0.7601285864871916,14.876099831300774,3.791253351575815,-1.1181726476720415,0.868253368069911,FAIL_TO_REJECT,-0.006867668102587019,0.980661208771996,True,-1.4003601414270795e-18,1.0,weight_grid_size,1.0,21.00362278239279,8,1.0,SR:08_EGARCH11_t,ok,0.0,stable_fail_to_reject,SR,08_EGARCH11_t
2537,21.00362278239279,21,21,15,1.0,10.607030905666303,10.607030905666303,14.532023299607907,5.982721775406575,-0.6560546422326097,0.7441055164965942,14.532023299607905,3.7572860119108054,-1.0446349789446847,0.851904146687787,FAIL_TO_REJECT,-0.006867668102587019,0.980661208771996,True,-1.4003601414270795e-18,1.0,weight_grid_size,1.0,21.00362278239279,15,1.0,SR:08_EGARCH11_t,ok,0.0,stable_fail_to_reject,SR,08_EGARCH11_t
2537,21.00362278239279,21,21,21,1.0,10.796317739710009,10.796317739710009,14.557092786305452,5.981643673007424,-0.6287193373898544,0.7352335919743755,14.55709278630545,3.748194690345937,-1.0033563774800456,0.8421555282289602,FAIL_TO_REJECT,-0.006867668102587019,0.980661208771996,True,-1.4003601414270795e-18,1.0,weight_grid_size,1.0,21.00362278239279,21,1.0,SR:08_EGARCH11_t,ok,0.0,stable_fail_to_reject,SR,08_EGARCH11_t
2537,21.00362278239279,21,21,15,0.75,8.108336287831012,8.108336287831012,10.79144605555534,4.369446183986708,-0.6140617494174614,0.7304127383181912,10.791446055555339,3.011124425356471,-0.8910657245280349,0.8135530442108432,FAIL_TO_REJECT,-0.006867668102587019,0.980661208771996,True,-1.4003601414270795e-18,1.0,weight_scale,1.0,21.00362278239279,15,0.75,SR:08_EGARCH11_t,ok,0.0,stable_fail_to_reject,SR,08_EGARCH11_t
2537,21.00362278239279,21,21,15,1.0,10.607030905666303,10.607030905666303,14.532023299607907,5.982721775406575,-0.6560546422326097,0.7441055164965942,14.532023299607905,3.7572860119108054,-1.0446349789446847,0.851904146687787,FAIL_TO_REJECT,-0.006867668102587019,0.980661208771996,True,-1.4003601414270795e-18,1.0,weight_scale,1.0,21.00362278239279,15,1.0,SR:08_EGARCH11_t,ok,0.0,stable_fail_to_reject,SR,08_EGARCH11_t
2537,21.00362278239279,21,21,15,1.25,13.001430687125758,13.001430687125758,17.52372798761897,7.34442611680019,-0.6157454957778892,0.7309687474548346,17.523727987618965,4.285454754596832,-1.055266607503515,0.8543482956743511,FAIL_TO_REJECT,-0.006867668102587019,0.980661208771996,True,-1.4003601414270795e-18,1.0,weight_scale,1.0,21.00362278239279,15,1.25,SR:08_EGARCH11_t,ok,0.0,stable_fail_to_reject,SR,08_EGARCH11_t
2537,10.501811391196394,10,10,15,1.0,4.9329915728159,4.9329915728159,5.578559620209049,2.911330452691168,-0.22174330873240458,0.5877431431151572,5.578559620209049,2.037102777571292,-0.31690499590934657,0.6243421544564233,FAIL_TO_REJECT,-0.001471920624739017,1.0079910875234517,True,1.4003601414270797e-17,1.0,bandwidth_multiplier,0.5,10.501811391196394,15,1.0,TA:05_GARCH11_ged,ok,0.0,stable_fail_to_reject,TA,05_GARCH11_ged
2537,21.00362278239279,21,21,15,1.0,10.262382070980962,10.262382070980962,12.037768560613452,4.881774593880693,-0.3636764572985279,0.6419501871972529,12.037768560613449,3.0740817344603584,-0.5775339249215337,0.7182105859401862,FAIL_TO_REJECT,-0.001471920624739017,1.0079910875234517,True,1.4003601414270797e-17,1.0,bandwidth_multiplier,1.0,21.00362278239279,15,1.0,TA:05_GARCH11_ged,ok,0.0,stable_fail_to_reject,TA,05_GARCH11_ged
2537,31.505434173589183,31,31,15,1.0,17.11403260456315,17.11403260456315,18.50676918767523,6.813045293875597,-0.20442203493994698,0.5809881438281579,18.506769187675236,3.844088105152755,-0.3623061035581394,0.641438351200859,FAIL_TO_REJECT,-0.001471920624739017,1.0079910875234517,True,1.4003601414270797e-17,1.0,bandwidth_multiplier,1.5,31.505434173589183,15,1.0,TA:05_GARCH11_ged,ok,0.0,stable_fail_to_reject,TA,05_GARCH11_ged
2537,42.00724556478558,42,42,15,1.0,23.90898743189934,23.90898743189934,24.978210211603965,8.6853803761574,-0.12310603950516574,0.5489884355859578,24.978210211603965,4.484503178862337,-0.23842613932004683,0.5942247021688676,FAIL_TO_REJECT,-0.001471920624739017,1.0079910875234517,True,1.4003601414270797e-17,1.0,bandwidth_multiplier,2.0,42.00724556478558,15,1.0,TA:05_GARCH11_ged,ok,0.0,stable_fail_to_reject,TA,05_GARCH11_ged
2537,21.00362278239279,21,21,8,1.0,11.129276431451116,11.129276431451116,12.316746249190441,4.976355976256439,-0.2386223621069453,0.5943007882417789,12.316746249190443,3.0988816704862323,-0.3831930173548725,0.6492116725120669,FAIL_TO_REJECT,-0.001471920624739017,1.0079910875234517,True,1.4003601414270797e-17,1.0,weight_grid_size,1.0,21.00362278239279,8,1.0,TA:05_GARCH11_ged,ok,0.0,stable_fail_to_reject,TA,05_GARCH11_ged
2537,21.00362278239279,21,21,15,1.0,10.262382070980962,10.262382070980962,12.037768560613452,4.881774593880693,-0.3636764572985279,0.6419501871972529,12.037768560613449,3.0740817344603584,-0.5775339249215337,0.7182105859401862,FAIL_TO_REJECT,-0.001471920624739017,1.0079910875234517,True,1.4003601414270797e-17,1.0,weight_grid_size,1.0,21.00362278239279,15,1.0,TA:05_GARCH11_ged,ok,0.0,stable_fail_to_reject,TA,05_GARCH11_ged
2537,21.00362278239279,21,21,21,1.0,10.321300552631591,10.321300552631591,12.058506655440922,4.869391907865121,-0.3567603790533614,0.6393644000704592,12.058506655440919,3.0637470424422175,-0.5670200831673562,0.7146497314692232,FAIL_TO_REJECT,-0.001471920624739017,1.0079910875234517,True,1.4003601414270797e-17,1.0,weight_grid_size,1.0,21.00362278239279,21,1.0,TA:05_GARCH11_ged,ok,0.0,stable_fail_to_reject,TA,05_GARCH11_ged
2537,21.00362278239279,21,21,15,0.75,8.083087331234077,8.083087331234077,8.965017580375259,3.852517213362829,-0.22892311709396668,0.5905356636113067,8.965017580375255,2.4746292793417632,-0.3563888363010745,0.6392253056934433,FAIL_TO_REJECT,-0.001471920624739017,1.0079910875234517,True,1.4003601414270797e-17,1.0,weight_scale,1.0,21.00362278239279,15,0.75,TA:05_GARCH11_ged,ok,0.0,stable_fail_to_reject,TA,05_GARCH11_ged
2537,21.00362278239279,21,21,15,1.0,10.262382070980962,10.262382070980962,12.037768560613452,4.881774593880693,-0.3636764572985279,0.6419501871972529,12.037768560613449,3.0740817344603584,-0.5775339249215337,0.7182105859401862,FAIL_TO_REJECT,-0.001471920624739017,1.0079910875234517,True,1.4003601414270797e-17,1.0,weight_scale,1.0,21.00362278239279,15,1.0,TA:05_GARCH11_ged,ok,0.0,stable_fail_to_reject,TA,05_GARCH11_ged
2537,21.00362278239279,21,21,15,1.25,11.94581046214088,11.94581046214088,14.459478834468321,5.600459580594787,-0.44883251743073577,0.6732237602780787,14.459478834468324,3.4887619159496444,-0.7205044175802467,0.7643927596071001,FAIL_TO_REJECT,-0.001471920624739017,1.0079910875234517,True,1.4003601414270797e-17,1.0,weight_scale,1.0,21.00362278239279,15,1.25,TA:05_GARCH11_ged,ok,0.0,stable_fail_to_reject,TA,05_GARCH11_ged
2537,10.501811391196394,10,10,15,1.0,3.342362040531829,3.342362040531829,5.4404697039140215,2.5991047057636907,-0.8072424549613167,0.7902365948055465,5.440469703914021,2.0244514719206332,-1.0363832833155933,0.8499883170015076,FAIL_TO_REJECT,0.010772114033330171,0.9942500427336601,True,1.4003601414270797e-17,0.9999999999999998,bandwidth_multiplier,0.5,10.501811391196394,15,1.0,V:03_GARCH11_t,ok,0.0,stable_fail_to_reject,V,03_GARCH11_t
2537,21.00362278239279,21,21,15,1.0,9.440235415334932,9.440235415334932,11.739789410781986,4.723650771311016,-0.4868171054078219,0.6868060263687369,11.739789410781983,3.0549903326685772,-0.7527205473800493,0.7741910700223389,FAIL_TO_REJECT,0.010772114033330171,0.9942500427336601,True,1.4003601414270797e-17,0.9999999999999998,bandwidth_multiplier,1.0,21.00362278239279,15,1.0,V:03_GARCH11_t,ok,0.0,stable_fail_to_reject,V,03_GARCH11_t
2537,31.505434173589183,31,31,15,1.0,14.876614140293949,14.876614140293949,18.048658423964927,6.7077437762258425,-0.47289288164428817,0.6818551981414254,18.048658423964923,3.8202146245891813,-0.8303314330178739,0.7968242895695693,FAIL_TO_REJECT,0.010772114033330171,0.9942500427336601,True,1.4003601414270797e-17,0.9999999999999998,bandwidth_multiplier,1.5,31.505434173589183,15,1.0,V:03_GARCH11_t,ok,0.0,stable_fail_to_reject,V,03_GARCH11_t
2537,42.00724556478558,42,42,15,1.0,20.12071965439862,20.12071965439862,24.35990742519568,8.543930289042727,-0.4961636655947041,0.6901105280601624,24.35990742519568,4.4566524385699,-0.9512044812176058,0.8292497079693271,FAIL_TO_REJECT,0.010772114033330171,0.9942500427336601,True,1.4003601414270797e-17,0.9999999999999998,bandwidth_multiplier,2.0,42.00724556478558,15,1.0,V:03_GARCH11_t,ok,0.0,stable_fail_to_reject,V,03_GARCH11_t
2537,21.00362278239279,21,21,8,1.0,9.935269766797747,9.935269766797747,11.973837577860527,4.726173797417415,-0.43133576936521917,0.666887877244061,11.973837577860525,3.0751624583887134,-0.6629138585838884,0.746307137307777,FAIL_TO_REJECT,0.010772114033330171,0.9942500427336601,True,1.4003601414270797e-17,0.9999999999999998,weight_grid_size,1.0,21.00362278239279,8,1.0,V:03_GARCH11_t,ok,0.0,stable_fail_to_reject,V,03_GARCH11_t
2537,21.00362278239279,21,21,15,1.0,9.440235415334932,9.440235415334932,11.739789410781986,4.723650771311016,-0.4868171054078219,0.6868060263687369,11.739789410781983,3.0549903326685772,-0.7527205473800493,0.7741910700223389,FAIL_TO_REJECT,0.010772114033330171,0.9942500427336601,True,1.4003601414270797e-17,0.9999999999999998,weight_grid_size,1.0,21.00362278239279,15,1.0,V:03_GARCH11_t,ok,0.0,stable_fail_to_reject,V,03_GARCH11_t
2537,21.00362278239279,21,21,21,1.0,9.500224551210426,9.500224551210426,11.76142812530469,4.722896049907257,-0.47877479203436346,0.6839505741932067,11.761428125304684,3.0486030085191005,-0.7417179500825423,0.7708708790632702,FAIL_TO_REJECT,0.010772114033330171,0.9942500427336601,True,1.4003601414270797e-17,0.9999999999999998,weight_grid_size,1.0,21.00362278239279,21,1.0,V:03_GARCH11_t,ok,0.0,stable_fail_to_reject,V,03_GARCH11_t
2537,21.00362278239279,21,21,15,0.75,6.548995427909942,6.548995427909942,8.723700334405091,3.583340838121247,-0.6068931214579497,0.7280390783560656,8.72370033440509,2.4609672613415654,-0.8836789260291235,0.8115652201931083,FAIL_TO_REJECT,0.010772114033330171,0.9942500427336601,True,1.4003601414270797e-17,0.9999999999999998,weight_scale,1.0,21.00362278239279,15,0.75,V:03_GARCH11_t,ok,0.0,stable_fail_to_reject,V,03_GARCH11_t
2537,21.00362278239279,21,21,15,1.0,9.440235415334932,9.440235415334932,11.739789410781986,4.723650771311016,-0.4868171054078219,0.6868060263687369,11.739789410781983,3.0549903326685772,-0.7527205473800493,0.7741910700223389,FAIL_TO_REJECT,0.010772114033330171,0.9942500427336601,True,1.4003601414270797e-17,0.9999999999999998,weight_scale,1.0,21.00362278239279,15,1.0,V:03_GARCH11_t,ok,0.0,stable_fail_to_reject,V,03_GARCH11_t
2537,21.00362278239279,21,21,15,1.25,12.128767789324254,12.128767789324254,14.12942482175939,5.611303855333568,-0.3565404911255167,0.6392820829018273,14.129424821759388,3.4543744949395543,-0.5791662239765761,0.7187614905938644,FAIL_TO_REJECT,0.010772114033330171,0.9942500427336601,True,1.4003601414270797e-17,0.9999999999999998,weight_scale,1.0,21.00362278239279,15,1.25,V:03_GARCH11_t,ok,0.0,stable_fail_to_reject,V,03_GARCH11_t
2537,10.501811391196394,10,10,15,1.0,6.904416654095713,6.904416654095713,5.852935034844955,2.942811067433049,0.3573051735760743,0.36043167866619474,5.852935034844955,2.1936629398887537,0.4793268829641082,0.3158530501649427,FAIL_TO_REJECT,0.008240476943186869,0.998016337943719,True,-1.2603241272843717e-17,0.9999999999999998,bandwidth_multiplier,0.5,10.501811391196394,15,1.0,Y:09_EGARCH11_skewt,ok,0.0,stable_fail_to_reject,Y,09_EGARCH11_skewt
2537,21.00362278239279,21,21,15,1.0,13.575084154101322,13.575084154101322,12.629833173160447,5.111777017639317,0.1849163172961335,0.4266473361762665,12.629833173160446,3.31033821627521,0.28554513744050974,0.38761326421241615,FAIL_TO_REJECT,0.008240476943186869,0.998016337943719,True,-1.2603241272843717e-17,0.9999999999999998,bandwidth_multiplier,1.0,21.00362278239279,15,1.0,Y:09_EGARCH11_skewt,ok,0.0,stable_fail_to_reject,Y,09_EGARCH11_skewt
2537,31.505434173589183,31,31,15,1.0,22.564809464206313,22.564809464206313,19.41700459163944,6.915006210953753,0.4552136001816709,0.3244777885624939,19.417004591639444,4.139522908114863,0.7604269724890539,0.22349970284894516,FAIL_TO_REJECT,0.008240476943186869,0.998016337943719,True,-1.2603241272843717e-17,0.9999999999999998,bandwidth_multiplier,1.5,31.505434173589183,15,1.0,Y:09_EGARCH11_skewt,ok,0.0,stable_fail_to_reject,Y,09_EGARCH11_skewt
2537,42.00724556478558,42,42,15,1.0,32.198645299319594,32.198645299319594,26.20673643526291,8.598806960299198,0.6968302570020938,0.24295451414927216,26.206736435262904,4.829156651100453,1.2407774891069796,0.10734397965678855,FAIL_TO_REJECT,0.008240476943186869,0.998016337943719,True,-1.2603241272843717e-17,0.9999999999999998,bandwidth_multiplier,2.0,42.00724556478558,15,1.0,Y:09_EGARCH11_skewt,ok,0.0,stable_fail_to_reject,Y,09_EGARCH11_skewt
2537,21.00362278239279,21,21,8,1.0,13.901285396530612,13.901285396530612,12.959053471849671,5.1833603492221245,0.18178013126607018,0.42787763883929686,12.959053471849668,3.350233808934196,0.2812436320618158,0.3892617705345479,FAIL_TO_REJECT,0.008240476943186869,0.998016337943719,True,-1.2603241272843717e-17,0.9999999999999998,weight_grid_size,1.0,21.00362278239279,8,1.0,Y:09_EGARCH11_skewt,ok,0.0,stable_fail_to_reject,Y,09_EGARCH11_skewt
2537,21.00362278239279,21,21,15,1.0,13.575084154101322,13.575084154101322,12.629833173160447,5.111777017639317,0.1849163172961335,0.4266473361762665,12.629833173160446,3.31033821627521,0.28554513744050974,0.38761326421241615,FAIL_TO_REJECT,0.008240476943186869,0.998016337943719,True,-1.2603241272843717e-17,0.9999999999999998,weight_grid_size,1.0,21.00362278239279,15,1.0,Y:09_EGARCH11_skewt,ok,0.0,stable_fail_to_reject,Y,09_EGARCH11_skewt
2537,21.00362278239279,21,21,21,1.0,13.637781495216839,13.637781495216839,12.651749863260937,5.110347449435851,0.19294806110781232,0.42349982242682005,12.651749863260934,3.297838412997666,0.29899331273166385,0.3824725739860072,FAIL_TO_REJECT,0.008240476943186869,0.998016337943719,True,-1.2603241272843717e-17,0.9999999999999998,weight_grid_size,1.0,21.00362278239279,21,1.0,Y:09_EGARCH11_skewt,ok,0.0,stable_fail_to_reject,Y,09_EGARCH11_skewt
2537,21.00362278239279,21,21,15,0.75,10.34004677468277,10.34004677468277,9.361594399854757,4.03827494756116,0.24229464004647105,0.40427593334324885,9.361594399854756,2.645478109004407,0.36985842804658214,0.35574398897397985,FAIL_TO_REJECT,0.008240476943186869,0.998016337943719,True,-1.2603241272843717e-17,0.9999999999999998,weight_scale,1.0,21.00362278239279,15,0.75,Y:09_EGARCH11_skewt,ok,0.0,stable_fail_to_reject,Y,09_EGARCH11_skewt
2537,21.00362278239279,21,21,15,1.0,13.575084154101322,13.575084154101322,12.629833173160447,5.111777017639317,0.1849163172961335,0.4266473361762665,12.629833173160446,3.31033821627521,0.28554513744050974,0.38761326421241615,FAIL_TO_REJECT,0.008240476943186869,0.998016337943719,True,-1.2603241272843717e-17,0.9999999999999998,weight_scale,1.0,21.00362278239279,15,1.0,Y:09_EGARCH11_skewt,ok,0.0,stable_fail_to_reject,Y,09_EGARCH11_skewt
2537,21.00362278239279,21,21,15,1.25,16.373087723867688,16.373087723867688,15.19916139156783,5.8804857264256984,0.19963084461279657,0.4208846514038185,15.199161391567829,3.7680385087224417,0.31154839038465126,0.3776918808564742,FAIL_TO_REJECT,0.008240476943186869,0.998016337943719,True,-1.2603241272843717e-17,0.9999999999999998,weight_scale,1.0,21.00362278239279,15,1.25,Y:09_EGARCH11_skewt,ok,0.0,stable_fail_to_reject,Y,09_EGARCH11_skewt
